Date_Time (LST_LDT), Event, Speed (knots)
2026-01-01 01:13, ebb,-0.5
2026-01-01 03:05, slack,-
2026-01-01 06:18, flood,1.1
2026-01-01 09:29, slack,-
2026-01-01 13:31, ebb,-1.6
2026-01-01 17:06, slack,-
2026-01-01 20:37, flood,1.4
2026-01-01 23:59, slack,-
2026-01-02 02:16, ebb,-0.6
2026-01-02 04:03, slack,-
2026-01-02 07:14, flood,1.2
2026-01-02 10:21, slack,-
2026-01-02 14:33, ebb,-1.8
2026-01-02 17:58, slack,-
2026-01-02 21:26, flood,1.5
2026-01-03 00:54, slack,-
2026-01-03 03:12, ebb,-0.7
2026-01-03 05:00, slack,-
2026-01-03 08:06, flood,1.2
2026-01-03 11:10, slack,-
2026-01-03 15:25, ebb,-1.8
2026-01-03 18:44, slack,-
2026-01-03 22:11, flood,1.6
2026-01-04 01:42, slack,-
2026-01-04 04:02, ebb,-0.8
2026-01-04 05:55, slack,-
2026-01-04 08:54, flood,1.2
2026-01-04 12:00, slack,-
2026-01-04 16:10, ebb,-1.8
2026-01-04 19:24, slack,-
2026-01-04 22:53, flood,1.6
2026-01-05 02:23, slack,-
2026-01-05 04:49, ebb,-0.8
2026-01-05 06:50, slack,-
2026-01-05 09:39, flood,1.1
2026-01-05 12:49, slack,-
2026-01-05 16:51, ebb,-1.7
2026-01-05 20:00, slack,-
2026-01-05 23:33, flood,1.5
2026-01-06 02:58, slack,-
2026-01-06 05:34, ebb,-0.9
2026-01-06 07:44, slack,-
2026-01-06 10:26, flood,1.0
2026-01-06 13:40, slack,-
2026-01-06 17:31, ebb,-1.4
2026-01-06 20:34, slack,-
2026-01-07 00:10, flood,1.4
2026-01-07 03:30, slack,-
2026-01-07 06:17, ebb,-1.0
2026-01-07 08:38, slack,-
2026-01-07 11:18, flood,0.9
2026-01-07 14:34, slack,-
2026-01-07 18:11, ebb,-1.2
2026-01-07 21:07, slack,-
2026-01-08 00:44, flood,1.3
2026-01-08 04:00, slack,-
2026-01-08 06:57, ebb,-1.0
2026-01-08 09:33, slack,-
2026-01-08 12:24, flood,0.8
2026-01-08 15:34, slack,-
2026-01-08 18:53, ebb,-0.9
2026-01-08 21:42, slack,-
2026-01-09 01:16, flood,1.1
2026-01-09 04:30, slack,-
2026-01-09 07:35, ebb,-1.0
2026-01-09 10:31, slack,-
2026-01-09 13:38, flood,0.7
2026-01-09 16:47, slack,-
2026-01-09 19:43, ebb,-0.6
2026-01-09 22:21, slack,-
2026-01-10 01:47, flood,1.0
2026-01-10 05:01, slack,-
2026-01-10 08:13, ebb,-0.9
2026-01-10 11:33, slack,-
2026-01-10 15:00, flood,0.6
2026-01-10 18:11, slack,-
2026-01-10 21:01, ebb,-0.4
2026-01-10 23:06, slack,-
2026-01-11 02:23, flood,0.8
2026-01-11 05:37, slack,-
2026-01-11 08:59, ebb,-0.9
2026-01-11 12:38, slack,-
2026-01-11 16:27, flood,0.7
2026-01-11 19:45, slack,-
2026-01-11 22:25, ebb,-0.3
2026-01-11 23:58, slack,-
2026-01-12 03:11, flood,0.7
2026-01-12 06:19, slack,-
2026-01-12 10:13, ebb,-0.9
2026-01-12 13:47, slack,-
2026-01-12 17:39, flood,0.8
2026-01-12 21:17, slack,-
2026-01-12 23:29, ebb,-0.3
2026-01-13 00:54, slack,-
2026-01-13 04:14, flood,0.7
2026-01-13 07:06, slack,-
2026-01-13 11:24, ebb,-0.9
2026-01-13 14:58, slack,-
2026-01-13 18:39, flood,0.9
2026-01-13 22:25, slack,-
2026-01-14 00:24, ebb,-0.3
2026-01-14 01:51, slack,-
2026-01-14 05:13, flood,0.7
2026-01-14 07:57, slack,-
2026-01-14 12:22, ebb,-1.0
2026-01-14 15:59, slack,-
2026-01-14 19:33, flood,1.0
2026-01-14 23:15, slack,-
2026-01-15 01:17, ebb,-0.3
2026-01-15 02:47, slack,-
2026-01-15 06:03, flood,0.7
2026-01-15 08:47, slack,-
2026-01-15 13:16, ebb,-1.1
2026-01-15 16:48, slack,-
2026-01-15 20:19, flood,1.1
2026-01-15 23:57, slack,-
2026-01-16 02:06, ebb,-0.4
2026-01-16 03:39, slack,-
2026-01-16 06:49, flood,0.8
2026-01-16 09:34, slack,-
2026-01-16 14:00, ebb,-1.1
2026-01-16 17:26, slack,-
2026-01-16 20:59, flood,1.1
2026-01-17 00:32, slack,-
2026-01-17 02:49, ebb,-0.4
2026-01-17 04:26, slack,-
2026-01-17 07:30, flood,0.8
2026-01-17 10:17, slack,-
2026-01-17 14:24, ebb,-1.2
2026-01-17 17:58, slack,-
2026-01-17 21:33, flood,1.2
2026-01-18 01:01, slack,-
2026-01-18 03:25, ebb,-0.5
2026-01-18 05:10, slack,-
2026-01-18 08:06, flood,0.9
2026-01-18 10:58, slack,-
2026-01-18 14:38, ebb,-1.3
2026-01-18 18:25, slack,-
2026-01-18 22:02, flood,1.2
2026-01-19 01:25, slack,-
2026-01-19 03:54, ebb,-0.6
2026-01-19 05:52, slack,-
2026-01-19 08:39, flood,1.0
2026-01-19 11:39, slack,-
2026-01-19 15:07, ebb,-1.3
2026-01-19 18:51, slack,-
2026-01-19 22:25, flood,1.2
2026-01-20 01:47, slack,-
2026-01-20 04:15, ebb,-0.7
2026-01-20 06:34, slack,-
2026-01-20 09:12, flood,1.0
2026-01-20 12:22, slack,-
2026-01-20 15:42, ebb,-1.3
2026-01-20 19:18, slack,-
2026-01-20 22:38, flood,1.2
2026-01-21 02:09, slack,-
2026-01-21 04:37, ebb,-0.8
2026-01-21 07:16, slack,-
2026-01-21 09:48, flood,1.1
2026-01-21 13:08, slack,-
2026-01-21 16:21, ebb,-1.3
2026-01-21 19:47, slack,-
2026-01-21 22:43, flood,1.2
2026-01-22 02:32, slack,-
2026-01-22 05:07, ebb,-1.0
2026-01-22 08:00, slack,-
2026-01-22 10:29, flood,1.1
2026-01-22 13:58, slack,-
2026-01-22 17:04, ebb,-1.2
2026-01-22 20:19, slack,-
2026-01-22 23:06, flood,1.2
2026-01-23 02:58, slack,-
2026-01-23 05:45, ebb,-1.1
2026-01-23 08:47, slack,-
2026-01-23 11:16, flood,1.0
2026-01-23 14:54, slack,-
2026-01-23 17:52, ebb,-1.0
2026-01-23 20:55, slack,-
2026-01-23 23:43, flood,1.2
2026-01-24 03:31, slack,-
2026-01-24 06:28, ebb,-1.1
2026-01-24 09:43, slack,-
2026-01-24 12:11, flood,0.9
2026-01-24 16:02, slack,-
2026-01-24 18:46, ebb,-0.8
2026-01-24 21:37, slack,-
2026-01-25 00:29, flood,1.1
2026-01-25 04:13, slack,-
2026-01-25 07:17, ebb,-1.1
2026-01-25 10:51, slack,-
2026-01-25 13:21, flood,0.7
2026-01-25 17:28, slack,-
2026-01-25 19:48, ebb,-0.6
2026-01-25 22:27, slack,-
2026-01-26 01:21, flood,1.0
2026-01-26 05:06, slack,-
2026-01-26 08:17, ebb,-1.1
2026-01-26 12:11, slack,-
2026-01-26 16:02, flood,0.7
2026-01-26 19:07, slack,-
2026-01-26 21:08, ebb,-0.4
2026-01-26 23:28, slack,-
2026-01-27 02:21, flood,1.0
2026-01-27 06:08, slack,-
2026-01-27 09:37, ebb,-1.2
2026-01-27 13:39, slack,-
2026-01-27 17:36, flood,0.8
2026-01-27 20:46, slack,-
2026-01-27 22:53, ebb,-0.3
2026-01-28 00:35, slack,-
2026-01-28 03:38, flood,0.9
2026-01-28 07:15, slack,-
2026-01-28 11:21, ebb,-1.3
2026-01-28 15:05, slack,-
2026-01-28 18:44, flood,1.1
2026-01-28 22:05, slack,-
2026-01-29 00:08, ebb,-0.4
2026-01-29 01:45, slack,-
2026-01-29 05:09, flood,1.0
2026-01-29 08:20, slack,-
2026-01-29 12:34, ebb,-1.5
2026-01-29 16:11, slack,-
2026-01-29 19:40, flood,1.3
2026-01-29 23:03, slack,-
2026-01-30 01:11, ebb,-0.5
2026-01-30 02:55, slack,-
2026-01-30 06:18, flood,1.1
2026-01-30 09:20, slack,-
2026-01-30 13:35, ebb,-1.7
2026-01-30 17:01, slack,-
2026-01-30 20:27, flood,1.5
2026-01-30 23:51, slack,-
2026-01-31 02:08, ebb,-0.7
2026-01-31 04:00, slack,-
2026-01-31 07:16, flood,1.1
2026-01-31 10:14, slack,-
2026-01-31 14:27, ebb,-1.8
2026-01-31 17:42, slack,-
2026-01-31 21:07, flood,1.6
2026-02-01 00:31, slack,-
2026-02-01 02:58, ebb,-0.8
2026-02-01 04:58, slack,-
2026-02-01 08:09, flood,1.2
2026-02-01 11:05, slack,-
2026-02-01 15:13, ebb,-1.8
2026-02-01 18:18, slack,-
2026-02-01 21:42, flood,1.7
2026-02-02 01:05, slack,-
2026-02-02 03:43, ebb,-1.0
2026-02-02 05:53, slack,-
2026-02-02 08:55, flood,1.2
2026-02-02 11:55, slack,-
2026-02-02 15:53, ebb,-1.7
2026-02-02 18:51, slack,-
2026-02-02 22:14, flood,1.6
2026-02-03 01:36, slack,-
2026-02-03 04:23, ebb,-1.1
2026-02-03 06:43, slack,-
2026-02-03 09:38, flood,1.2
2026-02-03 12:45, slack,-
2026-02-03 16:30, ebb,-1.5
2026-02-03 19:22, slack,-
2026-02-03 22:43, flood,1.5
2026-02-04 02:03, slack,-
2026-02-04 04:59, ebb,-1.2
2026-02-04 07:30, slack,-
2026-02-04 10:20, flood,1.1
2026-02-04 13:35, slack,-
2026-02-04 17:05, ebb,-1.3
2026-02-04 19:52, slack,-
2026-02-04 23:09, flood,1.4
2026-02-05 02:27, slack,-
2026-02-05 05:31, ebb,-1.2
2026-02-05 08:15, slack,-
2026-02-05 11:04, flood,1.0
2026-02-05 14:27, slack,-
2026-02-05 17:39, ebb,-1.0
2026-02-05 20:22, slack,-
2026-02-05 23:32, flood,1.2
2026-02-06 02:52, slack,-
2026-02-06 05:57, ebb,-1.2
2026-02-06 09:00, slack,-
2026-02-06 11:56, flood,0.9
2026-02-06 15:24, slack,-
2026-02-06 18:15, ebb,-0.7
2026-02-06 20:54, slack,-
2026-02-06 23:54, flood,1.1
2026-02-07 03:18, slack,-
2026-02-07 06:22, ebb,-1.1
2026-02-07 09:49, slack,-
2026-02-07 13:03, flood,0.7
2026-02-07 16:31, slack,-
2026-02-07 18:59, ebb,-0.5
2026-02-07 21:29, slack,-
2026-02-08 00:23, flood,0.9
2026-02-08 03:48, slack,-
2026-02-08 06:53, ebb,-1.0
2026-02-08 10:46, slack,-
2026-02-08 14:31, flood,0.6
2026-02-08 17:57, slack,-
2026-02-08 20:01, ebb,-0.2
2026-02-08 22:11, slack,-
2026-02-09 01:02, flood,0.7
2026-02-09 04:27, slack,-
2026-02-09 07:33, ebb,-0.9
2026-02-09 11:57, slack,-
2026-02-09 16:13, flood,0.6
2026-02-09 19:50, slack,-
2026-02-09 21:57, ebb,-0.1
2026-02-09 23:05, slack,-
2026-02-10 01:50, flood,0.6
2026-02-10 05:19, slack,-
2026-02-10 08:26, ebb,-0.8
2026-02-10 13:26, slack,-
2026-02-10 17:33, flood,0.7
2026-02-10 21:42, slack,-
2026-02-10 23:10, ebb,-0.1
2026-02-11 00:13, slack,-
2026-02-11 02:59, flood,0.5
2026-02-11 06:21, slack,-
2026-02-11 11:18, ebb,-0.8
2026-02-11 14:56, slack,-
2026-02-11 18:32, flood,0.8
2026-02-11 22:32, slack,-
2026-02-12 00:06, ebb,-0.2
2026-02-12 01:22, slack,-
2026-02-12 04:46, flood,0.5
2026-02-12 07:26, slack,-
2026-02-12 12:18, ebb,-0.9
2026-02-12 15:53, slack,-
2026-02-12 19:19, flood,1.0
2026-02-12 23:04, slack,-
2026-02-13 00:56, ebb,-0.3
2026-02-13 02:26, slack,-
2026-02-13 05:48, flood,0.6
2026-02-13 08:26, slack,-
2026-02-13 13:04, ebb,-1.0
2026-02-13 16:30, slack,-
2026-02-13 19:58, flood,1.1
2026-02-13 23:28, slack,-
2026-02-14 01:41, ebb,-0.4
2026-02-14 03:23, slack,-
2026-02-14 06:37, flood,0.7
2026-02-14 09:17, slack,-
2026-02-14 13:39, ebb,-1.1
2026-02-14 16:58, slack,-
2026-02-14 20:30, flood,1.2
2026-02-14 23:48, slack,-
2026-02-15 02:19, ebb,-0.5
2026-02-15 04:11, slack,-
2026-02-15 07:19, flood,0.8
2026-02-15 10:03, slack,-
2026-02-15 13:57, ebb,-1.1
2026-02-15 17:21, slack,-
2026-02-15 20:56, flood,1.2
2026-02-16 00:07, slack,-
2026-02-16 02:49, ebb,-0.7
2026-02-16 04:54, slack,-
2026-02-16 07:55, flood,1.0
2026-02-16 10:46, slack,-
2026-02-16 14:14, ebb,-1.2
2026-02-16 17:44, slack,-
2026-02-16 21:17, flood,1.2
2026-02-17 00:25, slack,-
2026-02-17 03:11, ebb,-0.8
2026-02-17 05:35, slack,-
2026-02-17 08:28, flood,1.1
2026-02-17 11:30, slack,-
2026-02-17 14:45, ebb,-1.3
2026-02-17 18:10, slack,-
2026-02-17 21:31, flood,1.3
2026-02-18 00:45, slack,-
2026-02-18 03:30, ebb,-1.0
2026-02-18 06:14, slack,-
2026-02-18 09:00, flood,1.2
2026-02-18 12:15, slack,-
2026-02-18 15:22, ebb,-1.3
2026-02-18 18:39, slack,-
2026-02-18 21:39, flood,1.3
2026-02-19 01:07, slack,-
2026-02-19 03:56, ebb,-1.2
2026-02-19 06:55, slack,-
2026-02-19 09:34, flood,1.2
2026-02-19 13:03, slack,-
2026-02-19 16:02, ebb,-1.2
2026-02-19 19:10, slack,-
2026-02-19 21:57, flood,1.3
2026-02-20 01:32, slack,-
2026-02-20 04:29, ebb,-1.3
2026-02-20 07:37, slack,-
2026-02-20 10:12, flood,1.2
2026-02-20 13:54, slack,-
2026-02-20 16:45, ebb,-1.1
2026-02-20 19:44, slack,-
2026-02-20 22:27, flood,1.3
2026-02-21 02:03, slack,-
2026-02-21 05:07, ebb,-1.4
2026-02-21 08:25, slack,-
2026-02-21 10:56, flood,1.1
2026-02-21 14:51, slack,-
2026-02-21 17:33, ebb,-0.9
2026-02-21 20:21, slack,-
2026-02-21 23:07, flood,1.3
2026-02-22 02:42, slack,-
2026-02-22 05:53, ebb,-1.3
2026-02-22 09:22, slack,-
2026-02-22 11:52, flood,0.9
2026-02-22 16:03, slack,-
2026-02-22 18:29, ebb,-0.7
2026-02-22 21:02, slack,-
2026-02-22 23:54, flood,1.2
2026-02-23 03:29, slack,-
2026-02-23 06:47, ebb,-1.2
2026-02-23 10:35, slack,-
2026-02-23 13:54, flood,0.7
2026-02-23 17:38, slack,-
2026-02-23 19:35, ebb,-0.4
2026-02-23 21:52, slack,-
2026-02-24 00:49, flood,1.0
2026-02-24 04:29, slack,-
2026-02-24 07:53, ebb,-1.2
2026-02-24 12:07, slack,-
2026-02-24 16:17, flood,0.7
2026-02-24 19:27, slack,-
2026-02-24 21:16, ebb,-0.2
2026-02-24 23:00, slack,-
2026-02-25 01:53, flood,0.9
2026-02-25 05:41, slack,-
2026-02-25 09:48, ebb,-1.1
2026-02-25 13:45, slack,-
2026-02-25 17:36, flood,1.0
2026-02-25 21:03, slack,-
2026-02-25 22:57, ebb,-0.3
2026-02-26 00:22, slack,-
2026-02-26 03:26, flood,0.8
2026-02-26 06:58, slack,-
2026-02-26 11:27, ebb,-1.3
2026-02-26 15:02, slack,-
2026-02-26 18:33, flood,1.2
2026-02-26 22:02, slack,-
2026-02-27 00:02, ebb,-0.5
2026-02-27 01:42, slack,-
2026-02-27 05:13, flood,0.9
2026-02-27 08:10, slack,-
2026-02-27 12:27, ebb,-1.5
2026-02-27 15:54, slack,-
2026-02-27 19:20, flood,1.5
2026-02-27 22:43, slack,-
2026-02-28 00:58, ebb,-0.7
2026-02-28 02:56, slack,-
2026-02-28 06:20, flood,1.0
2026-02-28 09:13, slack,-
2026-02-28 13:20, ebb,-1.6
2026-02-28 16:34, slack,-
2026-02-28 19:59, flood,1.6
2026-02-28 23:17, slack,-
2026-03-01 01:49, ebb,-0.9
2026-03-01 04:01, slack,-
2026-03-01 07:16, flood,1.1
2026-03-01 10:09, slack,-
2026-03-01 14:07, ebb,-1.6
2026-03-01 17:09, slack,-
2026-03-01 20:33, flood,1.7
2026-03-01 23:47, slack,-
2026-03-02 02:34, ebb,-1.1
2026-03-02 04:55, slack,-
2026-03-02 08:05, flood,1.2
2026-03-02 11:01, slack,-
2026-03-02 14:51, ebb,-1.6
2026-03-02 17:41, slack,-
2026-03-02 21:02, flood,1.7
2026-03-03 00:14, slack,-
2026-03-03 03:14, ebb,-1.3
2026-03-03 05:43, slack,-
2026-03-03 08:49, flood,1.2
2026-03-03 11:51, slack,-
2026-03-03 15:30, ebb,-1.4
2026-03-03 18:11, slack,-
2026-03-03 21:28, flood,1.6
2026-03-04 00:38, slack,-
2026-03-04 03:49, ebb,-1.4
2026-03-04 06:27, slack,-
2026-03-04 09:29, flood,1.3
2026-03-04 12:41, slack,-
2026-03-04 16:06, ebb,-1.2
2026-03-04 18:41, slack,-
2026-03-04 21:52, flood,1.5
2026-03-05 01:02, slack,-
2026-03-05 04:17, ebb,-1.4
2026-03-05 07:07, slack,-
2026-03-05 10:07, flood,1.2
2026-03-05 13:31, slack,-
2026-03-05 16:40, ebb,-1.0
2026-03-05 19:11, slack,-
2026-03-05 22:11, flood,1.3
2026-03-06 01:24, slack,-
2026-03-06 04:38, ebb,-1.4
2026-03-06 07:47, slack,-
2026-03-06 10:46, flood,1.1
2026-03-06 14:21, slack,-
2026-03-06 17:12, ebb,-0.8
2026-03-06 19:42, slack,-
2026-03-06 22:30, flood,1.2
2026-03-07 01:49, slack,-
2026-03-07 04:59, ebb,-1.3
2026-03-07 08:27, slack,-
2026-03-07 11:29, flood,0.9
2026-03-07 15:15, slack,-
2026-03-07 17:47, ebb,-0.6
2026-03-07 20:14, slack,-
2026-03-07 22:54, flood,1.0
2026-03-08 03:16, slack,-
2026-03-08 06:26, ebb,-1.2
2026-03-08 10:11, slack,-
2026-03-08 13:40, flood,0.7
2026-03-08 17:22, slack,-
2026-03-08 19:30, ebb,-0.3
2026-03-08 21:46, slack,-
2026-03-09 00:28, flood,0.8
2026-03-09 03:49, slack,-
2026-03-09 07:01, ebb,-1.0
2026-03-09 11:07, slack,-
2026-03-09 15:19, flood,0.6
2026-03-09 18:53, slack,-
2026-03-09 20:32, ebb,-0.1
2026-03-09 22:22, slack,-
2026-03-10 01:11, flood,0.7
2026-03-10 04:30, slack,-
2026-03-10 07:45, ebb,-0.9
2026-03-10 12:24, slack,-
2026-03-10 17:02, flood,0.6
2026-03-10 21:26, slack,-
2026-03-10 23:15, slack,-
2026-03-11 02:03, flood,0.5
2026-03-11 05:26, slack,-
2026-03-11 08:40, ebb,-0.7
2026-03-11 14:07, slack,-
2026-03-11 18:17, flood,0.7
2026-03-11 22:41, slack,-
2026-03-12 00:42, slack,-
2026-03-12 03:07, flood,0.4
2026-03-12 06:40, slack,-
2026-03-12 09:58, ebb,-0.7
2026-03-12 12:00, ebb,-0.7
2026-03-12 15:30, slack,-
2026-03-12 19:07, flood,0.9
2026-03-12 23:06, slack,-
2026-03-13 00:43, ebb,-0.2
2026-03-13 02:03, slack,-
2026-03-13 05:24, flood,0.4
2026-03-13 07:56, slack,-
2026-03-13 12:52, ebb,-0.8
2026-03-13 16:15, slack,-
2026-03-13 19:47, flood,1.0
2026-03-13 23:21, slack,-
2026-03-14 01:27, ebb,-0.4
2026-03-14 03:11, slack,-
2026-03-14 06:33, flood,0.5
2026-03-14 09:03, slack,-
2026-03-14 13:28, ebb,-0.9
2026-03-14 16:43, slack,-
2026-03-14 20:19, flood,1.1
2026-03-14 23:33, slack,-
2026-03-15 02:05, ebb,-0.5
2026-03-15 04:06, slack,-
2026-03-15 07:21, flood,0.7
2026-03-15 09:59, slack,-
2026-03-15 13:50, ebb,-1.0
2026-03-15 17:06, slack,-
2026-03-15 20:45, flood,1.2
2026-03-15 23:48, slack,-
2026-03-16 02:36, ebb,-0.7
2026-03-16 04:52, slack,-
2026-03-16 08:03, flood,0.9
2026-03-16 10:49, slack,-
2026-03-16 14:08, ebb,-1.1
2026-03-16 17:31, slack,-
2026-03-16 21:07, flood,1.2
2026-03-17 00:05, slack,-
2026-03-17 02:59, ebb,-0.9
2026-03-17 05:33, slack,-
2026-03-17 08:40, flood,1.0
2026-03-17 11:35, slack,-
2026-03-17 14:41, ebb,-1.1
2026-03-17 17:58, slack,-
2026-03-17 21:24, flood,1.2
2026-03-18 00:24, slack,-
2026-03-18 03:19, ebb,-1.1
2026-03-18 06:12, slack,-
2026-03-18 09:14, flood,1.2
2026-03-18 12:22, slack,-
2026-03-18 15:20, ebb,-1.2
2026-03-18 18:29, slack,-
2026-03-18 21:37, flood,1.3
2026-03-19 00:46, slack,-
2026-03-19 03:46, ebb,-1.3
2026-03-19 06:52, slack,-
2026-03-19 09:48, flood,1.3
2026-03-19 13:09, slack,-
2026-03-19 16:02, ebb,-1.2
2026-03-19 19:02, slack,-
2026-03-19 21:54, flood,1.4
2026-03-20 01:13, slack,-
2026-03-20 04:19, ebb,-1.5
2026-03-20 07:34, slack,-
2026-03-20 10:22, flood,1.3
2026-03-20 14:00, slack,-
2026-03-20 16:45, ebb,-1.1
2026-03-20 19:37, slack,-
2026-03-20 22:22, flood,1.4
2026-03-21 01:45, slack,-
2026-03-21 04:57, ebb,-1.5
2026-03-21 08:20, slack,-
2026-03-21 11:01, flood,1.3
2026-03-21 14:55, slack,-
2026-03-21 17:30, ebb,-0.9
2026-03-21 20:14, slack,-
2026-03-21 22:57, flood,1.4
2026-03-22 02:23, slack,-
2026-03-22 05:40, ebb,-1.5
2026-03-22 09:13, slack,-
2026-03-22 11:49, flood,1.1
2026-03-22 15:58, slack,-
2026-03-22 18:21, ebb,-0.7
2026-03-22 20:52, slack,-
2026-03-22 23:39, flood,1.3
2026-03-23 03:07, slack,-
2026-03-23 06:30, ebb,-1.4
2026-03-23 10:15, slack,-
2026-03-23 13:21, flood,0.8
2026-03-23 17:19, slack,-
2026-03-23 19:23, ebb,-0.5
2026-03-23 21:35, slack,-
2026-03-24 00:27, flood,1.1
2026-03-24 03:59, slack,-
2026-03-24 07:30, ebb,-1.3
2026-03-24 11:33, slack,-
2026-03-24 15:39, flood,0.8
2026-03-24 18:59, slack,-
2026-03-24 20:42, ebb,-0.3
2026-03-24 22:31, slack,-
2026-03-25 01:25, flood,0.9
2026-03-25 05:03, slack,-
2026-03-25 08:47, ebb,-1.2
2026-03-25 13:07, slack,-
2026-03-25 17:12, flood,0.9
2026-03-25 20:39, slack,-
2026-03-25 22:29, ebb,-0.2
2026-03-25 23:52, slack,-
2026-03-26 02:37, flood,0.8
2026-03-26 06:21, slack,-
2026-03-26 10:57, ebb,-1.2
2026-03-26 14:30, slack,-
2026-03-26 18:16, flood,1.2
2026-03-26 21:47, slack,-
2026-03-26 23:47, ebb,-0.4
2026-03-27 01:23, slack,-
2026-03-27 04:42, flood,0.7
2026-03-27 07:44, slack,-
2026-03-27 12:11, ebb,-1.3
2026-03-27 15:30, slack,-
2026-03-27 19:04, flood,1.4
2026-03-27 22:29, slack,-
2026-03-28 00:46, ebb,-0.7
2026-03-28 02:47, slack,-
2026-03-28 06:14, flood,0.8
2026-03-28 09:00, slack,-
2026-03-28 13:05, ebb,-1.4
2026-03-28 16:15, slack,-
2026-03-28 19:44, flood,1.5
2026-03-28 23:01, slack,-
2026-03-29 01:35, ebb,-0.9
2026-03-29 03:58, slack,-
2026-03-29 07:16, flood,0.9
2026-03-29 10:07, slack,-
2026-03-29 13:54, ebb,-1.4
2026-03-29 16:52, slack,-
2026-03-29 20:18, flood,1.6
2026-03-29 23:29, slack,-
2026-03-30 02:21, ebb,-1.2
2026-03-30 04:56, slack,-
2026-03-30 08:09, flood,1.1
2026-03-30 11:05, slack,-
2026-03-30 14:41, ebb,-1.4
2026-03-30 17:25, slack,-
2026-03-30 20:49, flood,1.6
2026-03-30 23:54, slack,-
2026-03-31 03:02, ebb,-1.4
2026-03-31 05:43, slack,-
2026-03-31 08:56, flood,1.2
2026-03-31 11:58, slack,-
2026-03-31 15:25, ebb,-1.3
2026-03-31 17:57, slack,-
2026-03-31 21:17, flood,1.5
2026-04-01 00:17, slack,-
2026-04-01 03:39, ebb,-1.5
2026-04-01 06:25, slack,-
2026-04-01 09:38, flood,1.3
2026-04-01 12:48, slack,-
2026-04-01 16:06, ebb,-1.1
2026-04-01 18:29, slack,-
2026-04-01 21:42, flood,1.4
2026-04-02 00:40, slack,-
2026-04-02 04:10, ebb,-1.5
2026-04-02 07:04, slack,-
2026-04-02 10:17, flood,1.3
2026-04-02 13:37, slack,-
2026-04-02 16:44, ebb,-1.0
2026-04-02 19:02, slack,-
2026-04-02 22:04, flood,1.3
2026-04-03 01:04, slack,-
2026-04-03 04:32, ebb,-1.5
2026-04-03 07:42, slack,-
2026-04-03 10:54, flood,1.2
2026-04-03 14:26, slack,-
2026-04-03 17:19, ebb,-0.8
2026-04-03 19:35, slack,-
2026-04-03 22:25, flood,1.2
2026-04-04 01:29, slack,-
2026-04-04 04:51, ebb,-1.4
2026-04-04 08:21, slack,-
2026-04-04 11:34, flood,1.1
2026-04-04 15:17, slack,-
2026-04-04 17:54, ebb,-0.6
2026-04-04 20:08, slack,-
2026-04-04 22:48, flood,1.1
2026-04-05 01:57, slack,-
2026-04-05 05:15, ebb,-1.3
2026-04-05 09:01, slack,-
2026-04-05 12:23, flood,0.9
2026-04-05 16:13, slack,-
2026-04-05 18:31, ebb,-0.4
2026-04-05 20:40, slack,-
2026-04-05 23:16, flood,0.9
2026-04-06 02:29, slack,-
2026-04-06 05:46, ebb,-1.2
2026-04-06 09:47, slack,-
2026-04-06 13:45, flood,0.8
2026-04-06 17:21, slack,-
2026-04-06 19:18, ebb,-0.2
2026-04-06 21:13, slack,-
2026-04-06 23:51, flood,0.8
2026-04-07 03:06, slack,-
2026-04-07 06:25, ebb,-1.0
2026-04-07 10:42, slack,-
2026-04-07 15:13, flood,0.7
2026-04-07 18:54, slack,-
2026-04-07 21:48, slack,-
2026-04-08 00:34, flood,0.6
2026-04-08 03:48, slack,-
2026-04-08 07:12, ebb,-0.9
2026-04-08 11:53, slack,-
2026-04-08 16:36, flood,0.7
2026-04-08 20:52, slack,-
2026-04-08 22:49, slack,-
2026-04-09 01:28, flood,0.5
2026-04-09 04:43, slack,-
2026-04-09 08:08, ebb,-0.8
2026-04-09 13:14, slack,-
2026-04-09 17:40, flood,0.8
2026-04-09 21:42, slack,-
2026-04-09 23:16, ebb,-0.1
2026-04-10 00:22, slack,-
2026-04-10 02:35, flood,0.4
2026-04-10 05:59, slack,-
2026-04-10 09:16, ebb,-0.7
2026-04-10 14:17, slack,-
2026-04-10 18:24, flood,0.9
2026-04-10 21:57, slack,-
2026-04-11 00:08, ebb,-0.3
2026-04-11 01:44, slack,-
2026-04-11 04:50, flood,0.4
2026-04-11 07:23, slack,-
2026-04-11 11:49, ebb,-0.7
2026-04-11 14:58, slack,-
2026-04-11 18:58, flood,1.0
2026-04-11 22:10, slack,-
2026-04-12 00:47, ebb,-0.5
2026-04-12 02:49, slack,-
2026-04-12 06:08, flood,0.5
2026-04-12 08:37, slack,-
2026-04-12 12:19, ebb,-0.8
2026-04-12 15:31, slack,-
2026-04-12 19:25, flood,1.0
2026-04-12 22:25, slack,-
2026-04-13 01:16, ebb,-0.7
2026-04-13 03:41, slack,-
2026-04-13 06:58, flood,0.7
2026-04-13 09:40, slack,-
2026-04-13 12:48, ebb,-0.8
2026-04-13 16:03, slack,-
2026-04-13 19:48, flood,1.1
2026-04-13 22:43, slack,-
2026-04-14 01:38, ebb,-0.9
2026-04-14 04:26, slack,-
2026-04-14 07:42, flood,0.9
2026-04-14 10:35, slack,-
2026-04-14 13:26, ebb,-0.9
2026-04-14 16:37, slack,-
2026-04-14 20:08, flood,1.1
2026-04-14 23:04, slack,-
2026-04-15 02:00, ebb,-1.1
2026-04-15 05:08, slack,-
2026-04-15 08:22, flood,1.1
2026-04-15 11:25, slack,-
2026-04-15 14:10, ebb,-1.0
2026-04-15 17:12, slack,-
2026-04-15 20:26, flood,1.2
2026-04-15 23:29, slack,-
2026-04-16 02:31, ebb,-1.4
2026-04-16 05:50, slack,-
2026-04-16 09:02, flood,1.2
2026-04-16 12:15, slack,-
2026-04-16 14:57, ebb,-1.0
2026-04-16 17:50, slack,-
2026-04-16 20:49, flood,1.3
2026-04-16 23:59, slack,-
2026-04-17 03:10, ebb,-1.5
2026-04-17 06:34, slack,-
2026-04-17 09:42, flood,1.3
2026-04-17 13:07, slack,-
2026-04-17 15:46, ebb,-0.9
2026-04-17 18:28, slack,-
2026-04-17 21:19, flood,1.4
2026-04-18 00:33, slack,-
2026-04-18 03:52, ebb,-1.6
2026-04-18 07:22, slack,-
2026-04-18 10:25, flood,1.3
2026-04-18 14:03, slack,-
2026-04-18 16:34, ebb,-0.9
2026-04-18 19:08, slack,-
2026-04-18 21:55, flood,1.4
2026-04-19 01:12, slack,-
2026-04-19 04:37, ebb,-1.7
2026-04-19 08:14, slack,-
2026-04-19 11:15, flood,1.2
2026-04-19 15:06, slack,-
2026-04-19 17:25, ebb,-0.7
2026-04-19 19:48, slack,-
2026-04-19 22:35, flood,1.4
2026-04-20 01:56, slack,-
2026-04-20 05:26, ebb,-1.6
2026-04-20 09:12, slack,-
2026-04-20 12:33, flood,1.0
2026-04-20 16:16, slack,-
2026-04-20 18:22, ebb,-0.6
2026-04-20 20:32, slack,-
2026-04-20 23:18, flood,1.3
2026-04-21 02:45, slack,-
2026-04-21 06:21, ebb,-1.5
2026-04-21 10:16, slack,-
2026-04-21 14:13, flood,1.0
2026-04-21 17:38, slack,-
2026-04-21 19:32, ebb,-0.4
2026-04-21 21:23, slack,-
2026-04-22 00:08, flood,1.1
2026-04-22 03:40, slack,-
2026-04-22 07:27, ebb,-1.4
2026-04-22 11:29, slack,-
2026-04-22 15:34, flood,1.0
2026-04-22 19:02, slack,-
2026-04-22 20:54, ebb,-0.3
2026-04-22 22:30, slack,-
2026-04-23 01:11, flood,0.8
2026-04-23 04:45, slack,-
2026-04-23 08:51, ebb,-1.2
2026-04-23 12:44, slack,-
2026-04-23 16:42, flood,1.1
2026-04-23 20:11, slack,-
2026-04-23 22:16, ebb,-0.4
2026-04-23 23:57, slack,-
2026-04-24 02:39, flood,0.7
2026-04-24 06:04, slack,-
2026-04-24 10:32, ebb,-1.2
2026-04-24 13:47, slack,-
2026-04-24 17:37, flood,1.3
2026-04-24 21:00, slack,-
2026-04-24 23:24, ebb,-0.6
2026-04-25 01:26, slack,-
2026-04-25 04:44, flood,0.6
2026-04-25 07:30, slack,-
2026-04-25 11:42, ebb,-1.2
2026-04-25 14:38, slack,-
2026-04-25 18:20, flood,1.4
2026-04-25 21:36, slack,-
2026-04-26 00:18, ebb,-0.9
2026-04-26 02:45, slack,-
2026-04-26 06:05, flood,0.8
2026-04-26 08:50, slack,-
2026-04-26 12:36, ebb,-1.2
2026-04-26 15:21, slack,-
2026-04-26 18:57, flood,1.4
2026-04-26 22:06, slack,-
2026-04-27 01:05, ebb,-1.1
2026-04-27 03:49, slack,-
2026-04-27 07:05, flood,0.9
2026-04-27 10:00, slack,-
2026-04-27 13:25, ebb,-1.1
2026-04-27 16:00, slack,-
2026-04-27 19:30, flood,1.4
2026-04-27 22:33, slack,-
2026-04-28 01:46, ebb,-1.3
2026-04-28 04:40, slack,-
2026-04-28 07:56, flood,1.1
2026-04-28 11:01, slack,-
2026-04-28 14:12, ebb,-1.0
2026-04-28 16:37, slack,-
2026-04-28 20:00, flood,1.3
2026-04-28 22:58, slack,-
2026-04-29 02:25, ebb,-1.4
2026-04-29 05:24, slack,-
2026-04-29 08:42, flood,1.2
2026-04-29 11:55, slack,-
2026-04-29 14:59, ebb,-0.9
2026-04-29 17:13, slack,-
2026-04-29 20:29, flood,1.3
2026-04-29 23:23, slack,-
2026-04-30 03:01, ebb,-1.5
2026-04-30 06:04, slack,-
2026-04-30 09:25, flood,1.3
2026-04-30 12:45, slack,-
2026-04-30 15:43, ebb,-0.8
2026-04-30 17:50, slack,-
2026-04-30 20:57, flood,1.2
2026-04-30 23:49, slack,-
2026-05-01 03:30, ebb,-1.4
2026-05-01 06:43, slack,-
2026-05-01 10:07, flood,1.3
2026-05-01 13:35, slack,-
2026-05-01 16:25, ebb,-0.7
2026-05-01 18:26, slack,-
2026-05-01 21:24, flood,1.1
2026-05-02 00:17, slack,-
2026-05-02 03:52, ebb,-1.4
2026-05-02 07:23, slack,-
2026-05-02 10:48, flood,1.2
2026-05-02 14:25, slack,-
2026-05-02 17:05, ebb,-0.6
2026-05-02 19:02, slack,-
2026-05-02 21:50, flood,1.1
2026-05-03 00:48, slack,-
2026-05-03 04:16, ebb,-1.4
2026-05-03 08:04, slack,-
2026-05-03 11:34, flood,1.1
2026-05-03 15:18, slack,-
2026-05-03 17:44, ebb,-0.5
2026-05-03 19:38, slack,-
2026-05-03 22:18, flood,1.0
2026-05-04 01:21, slack,-
2026-05-04 04:46, ebb,-1.3
2026-05-04 08:47, slack,-
2026-05-04 12:32, flood,0.9
2026-05-04 16:14, slack,-
2026-05-04 18:26, ebb,-0.3
2026-05-04 20:14, slack,-
2026-05-04 22:49, flood,0.9
2026-05-05 01:57, slack,-
2026-05-05 05:21, ebb,-1.2
2026-05-05 09:32, slack,-
2026-05-05 13:43, flood,0.8
2026-05-05 17:16, slack,-
2026-05-05 19:14, ebb,-0.2
2026-05-05 20:52, slack,-
2026-05-05 23:25, flood,0.8
2026-05-06 02:36, slack,-
2026-05-06 06:02, ebb,-1.1
2026-05-06 10:20, slack,-
2026-05-06 14:49, flood,0.8
2026-05-06 18:23, slack,-
2026-05-06 20:10, ebb,-0.2
2026-05-06 21:37, slack,-
2026-05-07 00:08, flood,0.6
2026-05-07 03:20, slack,-
2026-05-07 06:49, ebb,-1.0
2026-05-07 11:12, slack,-
2026-05-07 15:47, flood,0.8
2026-05-07 19:20, slack,-
2026-05-07 21:12, ebb,-0.2
2026-05-07 22:40, slack,-
2026-05-08 01:02, flood,0.5
2026-05-08 04:13, slack,-
2026-05-08 07:42, ebb,-0.8
2026-05-08 12:04, slack,-
2026-05-08 16:38, flood,0.8
2026-05-08 19:58, slack,-
2026-05-08 22:17, ebb,-0.2
2026-05-08 23:59, slack,-
2026-05-09 02:07, flood,0.4
2026-05-09 05:25, slack,-
2026-05-09 08:41, ebb,-0.7
2026-05-09 12:53, slack,-
2026-05-09 17:20, flood,0.8
2026-05-09 20:24, slack,-
2026-05-09 23:10, ebb,-0.4
2026-05-10 01:12, slack,-
2026-05-10 03:35, flood,0.4
2026-05-10 06:51, slack,-
2026-05-10 09:47, ebb,-0.7
2026-05-10 13:37, slack,-
2026-05-10 17:52, flood,0.9
2026-05-10 20:48, slack,-
2026-05-10 23:46, ebb,-0.6
2026-05-11 02:14, slack,-
2026-05-11 05:32, flood,0.5
2026-05-11 08:11, slack,-
2026-05-11 11:01, ebb,-0.7
2026-05-11 14:19, slack,-
2026-05-11 18:19, flood,0.9
2026-05-11 21:12, slack,-
2026-05-12 00:12, ebb,-0.9
2026-05-12 03:07, slack,-
2026-05-12 06:31, flood,0.7
2026-05-12 09:21, slack,-
2026-05-12 12:03, ebb,-0.7
2026-05-12 15:02, slack,-
2026-05-12 18:42, flood,1.0
2026-05-12 21:40, slack,-
2026-05-13 00:40, ebb,-1.1
2026-05-13 03:56, slack,-
2026-05-13 07:21, flood,0.9
2026-05-13 10:22, slack,-
2026-05-13 12:54, ebb,-0.8
2026-05-13 15:46, slack,-
2026-05-13 19:05, flood,1.1
2026-05-13 22:11, slack,-
2026-05-14 01:15, ebb,-1.3
2026-05-14 04:45, slack,-
2026-05-14 08:10, flood,1.1
2026-05-14 11:19, slack,-
2026-05-14 13:46, ebb,-0.8
2026-05-14 16:30, slack,-
2026-05-14 19:35, flood,1.2
2026-05-14 22:46, slack,-
2026-05-15 01:57, ebb,-1.5
2026-05-15 05:35, slack,-
2026-05-15 09:01, flood,1.2
2026-05-15 12:14, slack,-
2026-05-15 14:42, ebb,-0.8
2026-05-15 17:15, slack,-
2026-05-15 20:13, flood,1.3
2026-05-15 23:25, slack,-
2026-05-16 02:46, ebb,-1.6
2026-05-16 06:27, slack,-
2026-05-16 09:52, flood,1.3
2026-05-16 13:13, slack,-
2026-05-16 15:40, ebb,-0.7
2026-05-16 17:59, slack,-
2026-05-16 20:54, flood,1.4
2026-05-17 00:07, slack,-
2026-05-17 03:39, ebb,-1.7
2026-05-17 07:22, slack,-
2026-05-17 10:45, flood,1.3
2026-05-17 14:16, slack,-
2026-05-17 16:35, ebb,-0.7
2026-05-17 18:45, slack,-
2026-05-17 21:37, flood,1.4
2026-05-18 00:53, slack,-
2026-05-18 04:33, ebb,-1.7
2026-05-18 08:18, slack,-
2026-05-18 11:47, flood,1.2
2026-05-18 15:21, slack,-
2026-05-18 17:32, ebb,-0.6
2026-05-18 19:32, slack,-
2026-05-18 22:20, flood,1.3
2026-05-19 01:41, slack,-
2026-05-19 05:27, ebb,-1.7
2026-05-19 09:14, slack,-
2026-05-19 12:57, flood,1.2
2026-05-19 16:27, slack,-
2026-05-19 18:32, ebb,-0.5
2026-05-19 20:25, slack,-
2026-05-19 23:06, flood,1.2
2026-05-20 02:32, slack,-
2026-05-20 06:24, ebb,-1.6
2026-05-20 10:10, slack,-
2026-05-20 14:04, flood,1.2
2026-05-20 17:31, slack,-
2026-05-20 19:37, ebb,-0.5
2026-05-20 21:24, slack,-
2026-05-20 23:59, flood,1.0
2026-05-21 03:28, slack,-
2026-05-21 07:28, ebb,-1.4
2026-05-21 11:06, slack,-
2026-05-21 15:02, flood,1.2
2026-05-21 18:29, slack,-
2026-05-21 20:42, ebb,-0.5
2026-05-21 22:34, slack,-
2026-05-22 01:08, flood,0.8
2026-05-22 04:32, slack,-
2026-05-22 08:36, ebb,-1.2
2026-05-22 12:00, slack,-
2026-05-22 15:54, flood,1.3
2026-05-22 19:17, slack,-
2026-05-22 21:47, ebb,-0.7
2026-05-22 23:55, slack,-
2026-05-23 02:49, flood,0.6
2026-05-23 05:50, slack,-
2026-05-23 09:52, ebb,-1.1
2026-05-23 12:51, slack,-
2026-05-23 16:42, flood,1.3
2026-05-23 19:58, slack,-
2026-05-23 22:48, ebb,-0.8
2026-05-24 01:16, slack,-
2026-05-24 04:29, flood,0.6
2026-05-24 07:16, slack,-
2026-05-24 11:04, ebb,-0.9
2026-05-24 13:37, slack,-
2026-05-24 17:25, flood,1.2
2026-05-24 20:32, slack,-
2026-05-24 23:42, ebb,-1.0
2026-05-25 02:27, slack,-
2026-05-25 05:48, flood,0.7
2026-05-25 08:40, slack,-
2026-05-25 12:04, ebb,-0.8
2026-05-25 14:21, slack,-
2026-05-25 18:03, flood,1.2
2026-05-25 21:04, slack,-
2026-05-26 00:28, ebb,-1.2
2026-05-26 03:27, slack,-
2026-05-26 06:49, flood,0.9
2026-05-26 09:55, slack,-
2026-05-26 12:56, ebb,-0.8
2026-05-26 15:05, slack,-
2026-05-26 18:38, flood,1.1
2026-05-26 21:34, slack,-
2026-05-27 01:10, ebb,-1.3
2026-05-27 04:18, slack,-
2026-05-27 07:41, flood,1.0
2026-05-27 10:59, slack,-
2026-05-27 13:46, ebb,-0.7
2026-05-27 15:49, slack,-
2026-05-27 19:12, flood,1.1
2026-05-27 22:04, slack,-
2026-05-28 01:49, ebb,-1.3
2026-05-28 05:03, slack,-
2026-05-28 08:30, flood,1.1
2026-05-28 11:54, slack,-
2026-05-28 14:36, ebb,-0.6
2026-05-28 16:32, slack,-
2026-05-28 19:46, flood,1.0
2026-05-28 22:36, slack,-
2026-05-29 02:27, ebb,-1.4
2026-05-29 05:47, slack,-
2026-05-29 09:17, flood,1.2
2026-05-29 12:46, slack,-
2026-05-29 15:24, ebb,-0.6
2026-05-29 17:15, slack,-
2026-05-29 20:20, flood,1.0
2026-05-29 23:09, slack,-
2026-05-30 03:02, ebb,-1.3
2026-05-30 06:30, slack,-
2026-05-30 10:03, flood,1.2
2026-05-30 13:37, slack,-
2026-05-30 16:10, ebb,-0.5
2026-05-30 17:56, slack,-
2026-05-30 20:54, flood,1.0
2026-05-30 23:44, slack,-
2026-05-31 03:31, ebb,-1.3
2026-05-31 07:13, slack,-
2026-05-31 10:47, flood,1.2
2026-05-31 14:27, slack,-
2026-05-31 16:53, ebb,-0.5
2026-05-31 18:36, slack,-
2026-05-31 21:27, flood,1.0
2026-06-01 00:20, slack,-
2026-06-01 03:59, ebb,-1.3
2026-06-01 07:55, slack,-
2026-06-01 11:34, flood,1.1
2026-06-01 15:16, slack,-
2026-06-01 17:34, ebb,-0.4
2026-06-01 19:16, slack,-
2026-06-01 21:58, flood,0.9
2026-06-02 00:58, slack,-
2026-06-02 04:31, ebb,-1.3
2026-06-02 08:36, slack,-
2026-06-02 12:25, flood,1.0
2026-06-02 16:02, slack,-
2026-06-02 18:15, ebb,-0.4
2026-06-02 19:57, slack,-
2026-06-02 22:31, flood,0.9
2026-06-03 01:37, slack,-
2026-06-03 05:06, ebb,-1.2
2026-06-03 09:13, slack,-
2026-06-03 13:16, flood,1.0
2026-06-03 16:45, slack,-
2026-06-03 18:53, ebb,-0.3
2026-06-03 20:40, slack,-
2026-06-03 23:07, flood,0.8
2026-06-04 02:18, slack,-
2026-06-04 05:45, ebb,-1.1
2026-06-04 09:49, slack,-
2026-06-04 14:01, flood,0.9
2026-06-04 17:23, slack,-
2026-06-04 19:29, ebb,-0.3
2026-06-04 21:27, slack,-
2026-06-04 23:49, flood,0.7
2026-06-05 03:03, slack,-
2026-06-05 06:28, ebb,-1.1
2026-06-05 10:24, slack,-
2026-06-05 14:40, flood,0.9
2026-06-05 17:57, slack,-
2026-06-05 20:04, ebb,-0.4
2026-06-05 22:22, slack,-
2026-06-06 00:40, flood,0.6
2026-06-06 03:55, slack,-
2026-06-06 07:16, ebb,-0.9
2026-06-06 11:01, slack,-
2026-06-06 15:11, flood,0.8
2026-06-06 18:27, slack,-
2026-06-06 20:41, ebb,-0.5
2026-06-06 23:25, slack,-
2026-06-07 01:39, flood,0.6
2026-06-07 05:01, slack,-
2026-06-07 08:09, ebb,-0.8
2026-06-07 11:41, slack,-
2026-06-07 15:33, flood,0.8
2026-06-07 18:57, slack,-
2026-06-07 21:23, ebb,-0.6
2026-06-08 00:30, slack,-
2026-06-08 02:46, flood,0.5
2026-06-08 06:23, slack,-
2026-06-08 09:07, ebb,-0.7
2026-06-08 12:27, slack,-
2026-06-08 15:47, flood,0.8
2026-06-08 19:28, slack,-
2026-06-08 22:12, ebb,-0.8
2026-06-09 01:32, slack,-
2026-06-09 04:33, flood,0.6
2026-06-09 07:46, slack,-
2026-06-09 10:15, ebb,-0.6
2026-06-09 13:17, slack,-
2026-06-09 16:27, flood,0.9
2026-06-09 20:04, slack,-
2026-06-09 23:04, ebb,-1.0
2026-06-10 02:32, slack,-
2026-06-10 06:06, flood,0.7
2026-06-10 09:04, slack,-
2026-06-10 11:27, ebb,-0.6
2026-06-10 14:08, slack,-
2026-06-10 17:19, flood,0.9
2026-06-10 20:44, slack,-
2026-06-10 23:55, ebb,-1.2
2026-06-11 03:32, slack,-
2026-06-11 07:11, flood,0.9
2026-06-11 10:15, slack,-
2026-06-11 12:32, ebb,-0.6
2026-06-11 15:01, slack,-
2026-06-11 18:10, flood,1.1
2026-06-11 21:29, slack,-
2026-06-12 00:46, ebb,-1.4
2026-06-12 04:33, slack,-
2026-06-12 08:11, flood,1.0
2026-06-12 11:20, slack,-
2026-06-12 13:35, ebb,-0.6
2026-06-12 15:55, slack,-
2026-06-12 19:00, flood,1.1
2026-06-12 22:16, slack,-
2026-06-13 01:42, ebb,-1.5
2026-06-13 05:34, slack,-
2026-06-13 09:10, flood,1.2
2026-06-13 12:23, slack,-
2026-06-13 14:42, ebb,-0.6
2026-06-13 16:48, slack,-
2026-06-13 19:50, flood,1.2
2026-06-13 23:05, slack,-
2026-06-14 02:45, ebb,-1.6
2026-06-14 06:31, slack,-
2026-06-14 10:04, flood,1.3
2026-06-14 13:26, slack,-
2026-06-14 15:45, ebb,-0.6
2026-06-14 17:40, slack,-
2026-06-14 20:41, flood,1.3
2026-06-14 23:53, slack,-
2026-06-15 03:49, ebb,-1.8
2026-06-15 07:26, slack,-
2026-06-15 10:57, flood,1.4
2026-06-15 14:26, slack,-
2026-06-15 16:42, ebb,-0.6
2026-06-15 18:33, slack,-
2026-06-15 21:29, flood,1.3
2026-06-16 00:43, slack,-
2026-06-16 04:44, ebb,-1.8
2026-06-16 08:17, slack,-
2026-06-16 11:49, flood,1.4
2026-06-16 15:21, slack,-
2026-06-16 17:35, ebb,-0.7
2026-06-16 19:28, slack,-
2026-06-16 22:16, flood,1.2
2026-06-17 01:33, slack,-
2026-06-17 05:34, ebb,-1.8
2026-06-17 09:03, slack,-
2026-06-17 12:41, flood,1.4
2026-06-17 16:10, slack,-
2026-06-17 18:28, ebb,-0.7
2026-06-17 20:25, slack,-
2026-06-17 23:05, flood,1.1
2026-06-18 02:25, slack,-
2026-06-18 06:24, ebb,-1.6
2026-06-18 09:46, slack,-
2026-06-18 13:31, flood,1.4
2026-06-18 16:55, slack,-
2026-06-18 19:21, ebb,-0.8
2026-06-18 21:25, slack,-
2026-06-18 23:59, flood,0.9
2026-06-19 03:21, slack,-
2026-06-19 07:14, ebb,-1.4
2026-06-19 10:28, slack,-
2026-06-19 14:15, flood,1.4
2026-06-19 17:35, slack,-
2026-06-19 20:12, ebb,-0.8
2026-06-19 22:28, slack,-
2026-06-20 01:10, flood,0.8
2026-06-20 04:23, slack,-
2026-06-20 08:06, ebb,-1.1
2026-06-20 11:09, slack,-
2026-06-20 14:55, flood,1.3
2026-06-20 18:13, slack,-
2026-06-20 21:04, ebb,-0.9
2026-06-20 23:37, slack,-
2026-06-21 02:36, flood,0.7
2026-06-21 05:36, slack,-
2026-06-21 09:06, ebb,-0.9
2026-06-21 11:52, slack,-
2026-06-21 15:35, flood,1.1
2026-06-21 18:48, slack,-
2026-06-21 21:58, ebb,-1.0
2026-06-22 00:47, slack,-
2026-06-22 04:03, flood,0.6
2026-06-22 07:01, slack,-
2026-06-22 10:19, ebb,-0.7
2026-06-22 12:37, slack,-
2026-06-22 16:16, flood,1.0
2026-06-22 19:23, slack,-
2026-06-22 22:54, ebb,-1.0
2026-06-23 01:54, slack,-
2026-06-23 05:25, flood,0.7
2026-06-23 08:29, slack,-
2026-06-23 11:30, ebb,-0.5
2026-06-23 13:24, slack,-
2026-06-23 16:59, flood,0.9
2026-06-23 19:58, slack,-
2026-06-23 23:47, ebb,-1.1
2026-06-24 02:57, slack,-
2026-06-24 06:33, flood,0.8
2026-06-24 09:53, slack,-
2026-06-24 12:29, ebb,-0.5
2026-06-24 14:14, slack,-
2026-06-24 17:44, flood,0.9
2026-06-24 20:36, slack,-
2026-06-25 00:36, ebb,-1.1
2026-06-25 03:55, slack,-
2026-06-25 07:31, flood,0.9
2026-06-25 11:02, slack,-
2026-06-25 13:23, ebb,-0.4
2026-06-25 15:06, slack,-
2026-06-25 18:28, flood,0.8
2026-06-25 21:17, slack,-
2026-06-26 01:23, ebb,-1.2
2026-06-26 04:50, slack,-
2026-06-26 08:24, flood,1.0
2026-06-26 11:59, slack,-
2026-06-26 14:16, ebb,-0.4
2026-06-26 15:57, slack,-
2026-06-26 19:12, flood,0.8
2026-06-26 21:59, slack,-
2026-06-27 02:12, ebb,-1.2
2026-06-27 05:40, slack,-
2026-06-27 09:14, flood,1.1
2026-06-27 12:49, slack,-
2026-06-27 15:08, ebb,-0.4
2026-06-27 16:47, slack,-
2026-06-27 19:55, flood,0.9
2026-06-27 22:42, slack,-
2026-06-28 03:01, ebb,-1.2
2026-06-28 06:26, slack,-
2026-06-28 09:59, flood,1.2
2026-06-28 13:36, slack,-
2026-06-28 15:55, ebb,-0.5
2026-06-28 17:34, slack,-
2026-06-28 20:36, flood,0.9
2026-06-28 23:23, slack,-
2026-06-29 03:41, ebb,-1.2
2026-06-29 07:06, slack,-
2026-06-29 10:40, flood,1.2
2026-06-29 14:18, slack,-
2026-06-29 16:38, ebb,-0.5
2026-06-29 18:18, slack,-
2026-06-29 21:14, flood,0.9
2026-06-30 00:03, slack,-
2026-06-30 04:03, ebb,-1.3
2026-06-30 07:42, slack,-
2026-06-30 11:19, flood,1.2
2026-06-30 14:54, slack,-
2026-06-30 17:15, ebb,-0.5
2026-06-30 19:01, slack,-
2026-06-30 21:47, flood,0.9
2026-07-01 00:43, slack,-
2026-07-01 04:22, ebb,-1.3
2026-07-01 08:14, slack,-
2026-07-01 11:54, flood,1.1
2026-07-01 15:25, slack,-
2026-07-01 17:48, ebb,-0.5
2026-07-01 19:43, slack,-
2026-07-01 22:20, flood,0.9
2026-07-02 01:24, slack,-
2026-07-02 04:51, ebb,-1.3
2026-07-02 08:42, slack,-
2026-07-02 12:26, flood,1.1
2026-07-02 15:51, slack,-
2026-07-02 18:13, ebb,-0.6
2026-07-02 20:26, slack,-
2026-07-02 22:54, flood,0.9
2026-07-03 02:06, slack,-
2026-07-03 05:26, ebb,-1.2
2026-07-03 09:09, slack,-
2026-07-03 12:49, flood,1.0
2026-07-03 16:15, slack,-
2026-07-03 18:36, ebb,-0.6
2026-07-03 21:09, slack,-
2026-07-03 23:32, flood,0.9
2026-07-04 02:52, slack,-
2026-07-04 06:05, ebb,-1.1
2026-07-04 09:37, slack,-
2026-07-04 12:49, flood,1.0
2026-07-04 16:39, slack,-
2026-07-04 19:05, ebb,-0.7
2026-07-04 21:54, slack,-
2026-07-05 00:16, flood,0.8
2026-07-05 03:43, slack,-
2026-07-05 06:50, ebb,-1.0
2026-07-05 10:08, slack,-
2026-07-05 13:02, flood,1.0
2026-07-05 17:05, slack,-
2026-07-05 19:42, ebb,-0.8
2026-07-05 22:46, slack,-
2026-07-06 01:08, flood,0.8
2026-07-06 04:44, slack,-
2026-07-06 07:40, ebb,-0.8
2026-07-06 10:45, slack,-
2026-07-06 13:39, flood,1.0
2026-07-06 17:36, slack,-
2026-07-06 20:24, ebb,-0.9
2026-07-06 23:45, slack,-
2026-07-07 02:07, flood,0.7
2026-07-07 06:00, slack,-
2026-07-07 08:36, ebb,-0.7
2026-07-07 11:30, slack,-
2026-07-07 14:25, flood,1.0
2026-07-07 18:17, slack,-
2026-07-07 21:14, ebb,-1.0
2026-07-08 00:53, slack,-
2026-07-08 03:24, flood,0.6
2026-07-08 07:28, slack,-
2026-07-08 09:42, ebb,-0.5
2026-07-08 12:24, slack,-
2026-07-08 15:18, flood,0.9
2026-07-08 19:06, slack,-
2026-07-08 22:15, ebb,-1.1
2026-07-09 02:06, slack,-
2026-07-09 05:59, flood,0.7
2026-07-09 08:59, slack,-
2026-07-09 11:03, ebb,-0.4
2026-07-09 13:24, slack,-
2026-07-09 16:20, flood,0.9
2026-07-09 20:02, slack,-
2026-07-09 23:26, ebb,-1.2
2026-07-10 03:23, slack,-
2026-07-10 07:15, flood,0.9
2026-07-10 10:22, slack,-
2026-07-10 12:27, ebb,-0.4
2026-07-10 14:26, slack,-
2026-07-10 17:34, flood,1.0
2026-07-10 21:01, slack,-
2026-07-11 00:40, ebb,-1.4
2026-07-11 04:37, slack,-
2026-07-11 08:19, flood,1.1
2026-07-11 11:32, slack,-
2026-07-11 13:40, ebb,-0.4
2026-07-11 15:30, slack,-
2026-07-11 18:43, flood,1.1
2026-07-11 21:59, slack,-
2026-07-12 01:55, ebb,-1.5
2026-07-12 05:40, slack,-
2026-07-12 09:15, flood,1.3
2026-07-12 12:33, slack,-
2026-07-12 14:47, ebb,-0.5
2026-07-12 16:33, slack,-
2026-07-12 19:44, flood,1.2
2026-07-12 22:54, slack,-
2026-07-13 03:03, ebb,-1.7
2026-07-13 06:33, slack,-
2026-07-13 10:03, flood,1.5
2026-07-13 13:27, slack,-
2026-07-13 15:45, ebb,-0.6
2026-07-13 17:33, slack,-
2026-07-13 20:41, flood,1.2
2026-07-13 23:47, slack,-
2026-07-14 03:58, ebb,-1.8
2026-07-14 07:19, slack,-
2026-07-14 10:46, flood,1.6
2026-07-14 14:14, slack,-
2026-07-14 16:36, ebb,-0.8
2026-07-14 18:31, slack,-
2026-07-14 21:33, flood,1.2
2026-07-15 00:38, slack,-
2026-07-15 04:45, ebb,-1.9
2026-07-15 08:00, slack,-
2026-07-15 11:27, flood,1.6
2026-07-15 14:54, slack,-
2026-07-15 17:23, ebb,-0.9
2026-07-15 19:27, slack,-
2026-07-15 22:21, flood,1.2
2026-07-16 01:29, slack,-
2026-07-16 05:28, ebb,-1.8
2026-07-16 08:37, slack,-
2026-07-16 12:05, flood,1.6
2026-07-16 15:30, slack,-
2026-07-16 18:07, ebb,-1.0
2026-07-16 20:22, slack,-
2026-07-16 23:08, flood,1.1
2026-07-17 02:22, slack,-
2026-07-17 06:09, ebb,-1.6
2026-07-17 09:11, slack,-
2026-07-17 12:41, flood,1.5
2026-07-17 16:02, slack,-
2026-07-17 18:50, ebb,-1.1
2026-07-17 21:15, slack,-
2026-07-17 23:58, flood,1.0
2026-07-18 03:16, slack,-
2026-07-18 06:50, ebb,-1.3
2026-07-18 09:45, slack,-
2026-07-18 13:15, flood,1.4
2026-07-18 16:33, slack,-
2026-07-18 19:30, ebb,-1.1
2026-07-18 22:09, slack,-
2026-07-19 00:59, flood,0.9
2026-07-19 04:16, slack,-
2026-07-19 07:33, ebb,-1.0
2026-07-19 10:20, slack,-
2026-07-19 13:47, flood,1.2
2026-07-19 17:03, slack,-
2026-07-19 20:08, ebb,-1.1
2026-07-19 23:05, slack,-
2026-07-20 02:11, flood,0.7
2026-07-20 05:24, slack,-
2026-07-20 08:22, ebb,-0.7
2026-07-20 10:57, slack,-
2026-07-20 14:17, flood,1.0
2026-07-20 17:34, slack,-
2026-07-20 20:45, ebb,-1.0
2026-07-21 00:06, slack,-
2026-07-21 03:31, flood,0.7
2026-07-21 06:46, slack,-
2026-07-21 09:28, ebb,-0.4
2026-07-21 11:40, slack,-
2026-07-21 14:51, flood,0.9
2026-07-21 18:11, slack,-
2026-07-21 21:29, ebb,-0.9
2026-07-22 01:13, slack,-
2026-07-22 05:03, flood,0.7
2026-07-22 08:22, slack,-
2026-07-22 10:58, ebb,-0.3
2026-07-22 12:31, slack,-
2026-07-22 15:36, flood,0.7
2026-07-22 18:54, slack,-
2026-07-22 22:49, ebb,-0.9
2026-07-23 02:27, slack,-
2026-07-23 06:22, flood,0.7
2026-07-23 10:02, slack,-
2026-07-23 12:07, ebb,-0.3
2026-07-23 13:29, slack,-
2026-07-23 16:43, flood,0.7
2026-07-23 19:44, slack,-
2026-07-24 00:14, ebb,-0.9
2026-07-24 03:43, slack,-
2026-07-24 07:24, flood,0.9
2026-07-24 11:13, slack,-
2026-07-24 13:05, ebb,-0.3
2026-07-24 14:31, slack,-
2026-07-24 17:53, flood,0.7
2026-07-24 20:39, slack,-
2026-07-25 01:15, ebb,-1.0
2026-07-25 04:47, slack,-
2026-07-25 08:18, flood,1.0
2026-07-25 12:02, slack,-
2026-07-25 13:59, ebb,-0.3
2026-07-25 15:32, slack,-
2026-07-25 18:50, flood,0.7
2026-07-25 21:33, slack,-
2026-07-26 02:09, ebb,-1.1
2026-07-26 05:36, slack,-
2026-07-26 09:04, flood,1.1
2026-07-26 12:42, slack,-
2026-07-26 14:49, ebb,-0.4
2026-07-26 16:28, slack,-
2026-07-26 19:41, flood,0.8
2026-07-26 22:24, slack,-
2026-07-27 02:56, ebb,-1.2
2026-07-27 06:15, slack,-
2026-07-27 09:43, flood,1.2
2026-07-27 13:15, slack,-
2026-07-27 15:35, ebb,-0.5
2026-07-27 17:19, slack,-
2026-07-27 20:26, flood,0.8
2026-07-27 23:09, slack,-
2026-07-28 03:33, ebb,-1.2
2026-07-28 06:46, slack,-
2026-07-28 10:17, flood,1.3
2026-07-28 13:43, slack,-
2026-07-28 16:13, ebb,-0.6
2026-07-28 18:04, slack,-
2026-07-28 21:05, flood,0.9
2026-07-28 23:51, slack,-
2026-07-29 03:53, ebb,-1.2
2026-07-29 07:13, slack,-
2026-07-29 10:46, flood,1.3
2026-07-29 14:07, slack,-
2026-07-29 16:45, ebb,-0.7
2026-07-29 18:46, slack,-
2026-07-29 21:39, flood,1.0
2026-07-30 00:32, slack,-
2026-07-30 04:05, ebb,-1.2
2026-07-30 07:38, slack,-
2026-07-30 11:09, flood,1.2
2026-07-30 14:28, slack,-
2026-07-30 17:06, ebb,-0.8
2026-07-30 19:26, slack,-
2026-07-30 22:09, flood,1.0
2026-07-31 01:14, slack,-
2026-07-31 04:31, ebb,-1.2
2026-07-31 08:02, slack,-
2026-07-31 11:24, flood,1.2
2026-07-31 14:47, slack,-
2026-07-31 17:23, ebb,-0.9
2026-07-31 20:04, slack,-
2026-07-31 22:39, flood,1.1
2026-08-01 01:57, slack,-
2026-08-01 05:04, ebb,-1.2
2026-08-01 08:28, slack,-
2026-08-01 11:25, flood,1.2
2026-08-01 15:06, slack,-
2026-08-01 17:46, ebb,-1.0
2026-08-01 20:43, slack,-
2026-08-01 23:12, flood,1.1
2026-08-02 02:43, slack,-
2026-08-02 05:43, ebb,-1.1
2026-08-02 08:55, slack,-
2026-08-02 11:40, flood,1.2
2026-08-02 15:28, slack,-
2026-08-02 18:17, ebb,-1.1
2026-08-02 21:24, slack,-
2026-08-02 23:52, flood,1.0
2026-08-03 03:33, slack,-
2026-08-03 06:26, ebb,-1.0
2026-08-03 09:26, slack,-
2026-08-03 12:12, flood,1.2
2026-08-03 15:56, slack,-
2026-08-03 18:56, ebb,-1.1
2026-08-03 22:12, slack,-
2026-08-04 00:39, flood,0.9
2026-08-04 04:32, slack,-
2026-08-04 07:15, ebb,-0.8
2026-08-04 10:02, slack,-
2026-08-04 12:55, flood,1.1
2026-08-04 16:33, slack,-
2026-08-04 19:41, ebb,-1.1
2026-08-04 23:11, slack,-
2026-08-05 01:36, flood,0.8
2026-08-05 05:48, slack,-
2026-08-05 08:12, ebb,-0.6
2026-08-05 10:45, slack,-
2026-08-05 13:44, flood,1.1
2026-08-05 17:23, slack,-
2026-08-05 20:36, ebb,-1.1
2026-08-06 00:28, slack,-
2026-08-06 03:21, flood,0.6
2026-08-06 07:27, slack,-
2026-08-06 09:21, ebb,-0.4
2026-08-06 11:41, slack,-
2026-08-06 14:41, flood,1.0
2026-08-06 18:25, slack,-
2026-08-06 21:44, ebb,-1.1
2026-08-07 01:58, slack,-
2026-08-07 06:07, flood,0.7
2026-08-07 09:11, slack,-
2026-08-07 11:02, ebb,-0.2
2026-08-07 12:52, slack,-
2026-08-07 15:47, flood,0.9
2026-08-07 19:35, slack,-
2026-08-07 23:25, ebb,-1.2
2026-08-08 03:29, slack,-
2026-08-08 07:18, flood,0.9
2026-08-08 10:37, slack,-
2026-08-08 12:35, ebb,-0.3
2026-08-08 14:08, slack,-
2026-08-08 17:19, flood,0.9
2026-08-08 20:45, slack,-
2026-08-09 00:59, ebb,-1.4
2026-08-09 04:42, slack,-
2026-08-09 08:15, flood,1.2
2026-08-09 11:37, slack,-
2026-08-09 13:41, ebb,-0.5
2026-08-09 15:22, slack,-
2026-08-09 18:45, flood,1.0
2026-08-09 21:50, slack,-
2026-08-10 02:04, ebb,-1.6
2026-08-10 05:34, slack,-
2026-08-10 09:02, flood,1.5
2026-08-10 12:23, slack,-
2026-08-10 14:40, ebb,-0.6
2026-08-10 16:32, slack,-
2026-08-10 19:50, flood,1.1
2026-08-10 22:49, slack,-
2026-08-11 02:59, ebb,-1.8
2026-08-11 06:17, slack,-
2026-08-11 09:43, flood,1.6
2026-08-11 13:02, slack,-
2026-08-11 15:32, ebb,-0.8
2026-08-11 17:34, slack,-
2026-08-11 20:47, flood,1.2
2026-08-11 23:43, slack,-
2026-08-12 03:47, ebb,-1.8
2026-08-12 06:54, slack,-
2026-08-12 10:18, flood,1.7
2026-08-12 13:37, slack,-
2026-08-12 16:17, ebb,-1.1
2026-08-12 18:30, slack,-
2026-08-12 21:36, flood,1.3
2026-08-13 00:35, slack,-
2026-08-13 04:30, ebb,-1.7
2026-08-13 07:28, slack,-
2026-08-13 10:50, flood,1.7
2026-08-13 14:09, slack,-
2026-08-13 16:59, ebb,-1.2
2026-08-13 19:22, slack,-
2026-08-13 22:22, flood,1.3
2026-08-14 01:27, slack,-
2026-08-14 05:09, ebb,-1.6
2026-08-14 08:00, slack,-
2026-08-14 11:19, flood,1.6
2026-08-14 14:37, slack,-
2026-08-14 17:36, ebb,-1.3
2026-08-14 20:10, slack,-
2026-08-14 23:05, flood,1.2
2026-08-15 02:19, slack,-
2026-08-15 05:47, ebb,-1.3
2026-08-15 08:32, slack,-
2026-08-15 11:45, flood,1.5
2026-08-15 15:03, slack,-
2026-08-15 18:09, ebb,-1.3
2026-08-15 20:55, slack,-
2026-08-15 23:48, flood,1.1
2026-08-16 03:12, slack,-
2026-08-16 06:24, ebb,-1.1
2026-08-16 09:03, slack,-
2026-08-16 12:08, flood,1.3
2026-08-16 15:29, slack,-
2026-08-16 18:38, ebb,-1.3
2026-08-16 21:40, slack,-
2026-08-17 00:37, flood,1.0
2026-08-17 04:08, slack,-
2026-08-17 07:03, ebb,-0.8
2026-08-17 09:35, slack,-
2026-08-17 12:31, flood,1.1
2026-08-17 15:55, slack,-
2026-08-17 19:04, ebb,-1.2
2026-08-17 22:28, slack,-
2026-08-18 01:42, flood,0.8
2026-08-18 05:13, slack,-
2026-08-18 07:47, ebb,-0.5
2026-08-18 10:10, slack,-
2026-08-18 12:59, flood,0.9
2026-08-18 16:25, slack,-
2026-08-18 19:35, ebb,-1.1
2026-08-18 23:23, slack,-
2026-08-19 03:07, flood,0.7
2026-08-19 06:36, slack,-
2026-08-19 08:48, ebb,-0.3
2026-08-19 10:49, slack,-
2026-08-19 13:38, flood,0.8
2026-08-19 17:04, slack,-
2026-08-19 20:15, ebb,-0.9
2026-08-20 00:34, slack,-
2026-08-20 04:48, flood,0.6
2026-08-20 08:26, slack,-
2026-08-20 10:30, ebb,-0.1
2026-08-20 11:42, slack,-
2026-08-20 14:28, flood,0.6
2026-08-20 17:55, slack,-
2026-08-20 21:07, ebb,-0.8
2026-08-21 02:05, slack,-
2026-08-21 06:13, flood,0.7
2026-08-21 10:19, slack,-
2026-08-21 11:48, ebb,-0.1
2026-08-21 12:53, slack,-
2026-08-21 15:35, flood,0.5
2026-08-21 18:59, slack,-
2026-08-22 00:03, ebb,-0.8
2026-08-22 03:36, slack,-
2026-08-22 07:12, flood,0.9
2026-08-22 11:12, slack,-
2026-08-22 12:47, ebb,-0.2
2026-08-22 14:07, slack,-
2026-08-22 17:29, flood,0.5
2026-08-22 20:09, slack,-
2026-08-23 01:04, ebb,-0.9
2026-08-23 04:34, slack,-
2026-08-23 07:59, flood,1.0
2026-08-23 11:44, slack,-
2026-08-23 13:38, ebb,-0.4
2026-08-23 15:16, slack,-
2026-08-23 18:38, flood,0.6
2026-08-23 21:13, slack,-
2026-08-24 01:52, ebb,-1.0
2026-08-24 05:14, slack,-
2026-08-24 08:39, flood,1.1
2026-08-24 12:09, slack,-
2026-08-24 14:24, ebb,-0.5
2026-08-24 16:16, slack,-
2026-08-24 19:30, flood,0.7
2026-08-24 22:08, slack,-
2026-08-25 02:32, ebb,-1.1
2026-08-25 05:43, slack,-
2026-08-25 09:11, flood,1.2
2026-08-25 12:29, slack,-
2026-08-25 15:05, ebb,-0.6
2026-08-25 17:05, slack,-
2026-08-25 20:14, flood,0.8
2026-08-25 22:56, slack,-
2026-08-26 03:02, ebb,-1.1
2026-08-26 06:07, slack,-
2026-08-26 09:39, flood,1.3
2026-08-26 12:47, slack,-
2026-08-26 15:37, ebb,-0.8
2026-08-26 17:47, slack,-
2026-08-26 20:53, flood,0.9
2026-08-26 23:39, slack,-
2026-08-27 03:17, ebb,-1.1
2026-08-27 06:29, slack,-
2026-08-27 10:01, flood,1.2
2026-08-27 13:05, slack,-
2026-08-27 16:00, ebb,-0.9
2026-08-27 18:25, slack,-
2026-08-27 21:25, flood,1.1
2026-08-28 00:21, slack,-
2026-08-28 03:35, ebb,-1.2
2026-08-28 06:53, slack,-
2026-08-28 10:16, flood,1.2
2026-08-28 13:23, slack,-
2026-08-28 16:15, ebb,-1.0
2026-08-28 19:01, slack,-
2026-08-28 21:53, flood,1.1
2026-08-29 01:04, slack,-
2026-08-29 04:06, ebb,-1.2
2026-08-29 07:19, slack,-
2026-08-29 10:22, flood,1.2
2026-08-29 13:42, slack,-
2026-08-29 16:34, ebb,-1.2
2026-08-29 19:38, slack,-
2026-08-29 22:21, flood,1.2
2026-08-30 01:48, slack,-
2026-08-30 04:42, ebb,-1.1
2026-08-30 07:48, slack,-
2026-08-30 10:35, flood,1.3
2026-08-30 14:04, slack,-
2026-08-30 17:03, ebb,-1.3
2026-08-30 20:16, slack,-
2026-08-30 22:53, flood,1.2
2026-08-31 02:35, slack,-
2026-08-31 05:21, ebb,-1.0
2026-08-31 08:19, slack,-
2026-08-31 11:01, flood,1.3
2026-08-31 14:32, slack,-
2026-08-31 17:38, ebb,-1.4
2026-08-31 20:58, slack,-
2026-08-31 23:30, flood,1.1
2026-09-01 03:27, slack,-
2026-09-01 06:06, ebb,-0.9
2026-09-01 08:52, slack,-
2026-09-01 11:38, flood,1.3
2026-09-01 15:07, slack,-
2026-09-01 18:21, ebb,-1.4
2026-09-01 21:49, slack,-
2026-09-02 00:17, flood,0.9
2026-09-02 04:30, slack,-
2026-09-02 06:57, ebb,-0.7
2026-09-02 09:28, slack,-
2026-09-02 12:22, flood,1.2
2026-09-02 15:51, slack,-
2026-09-02 19:11, ebb,-1.3
2026-09-02 22:55, slack,-
2026-09-03 01:23, flood,0.7
2026-09-03 05:57, slack,-
2026-09-03 07:58, ebb,-0.4
2026-09-03 10:11, slack,-
2026-09-03 13:14, flood,1.1
2026-09-03 16:46, slack,-
2026-09-03 20:12, ebb,-1.2
2026-09-04 00:21, slack,-
2026-09-04 04:35, flood,0.7
2026-09-04 07:45, slack,-
2026-09-04 09:18, ebb,-0.2
2026-09-04 11:13, slack,-
2026-09-04 14:15, flood,0.9
2026-09-04 17:57, slack,-
2026-09-04 21:32, ebb,-1.1
2026-09-05 02:00, slack,-
2026-09-05 06:06, flood,0.9
2026-09-05 09:28, slack,-
2026-09-05 11:18, ebb,-0.2
2026-09-05 12:40, slack,-
2026-09-05 15:30, flood,0.8
2026-09-05 19:17, slack,-
2026-09-05 23:46, ebb,-1.2
2026-09-06 03:24, slack,-
2026-09-06 07:05, flood,1.1
2026-09-06 10:32, slack,-
2026-09-06 12:32, ebb,-0.4
2026-09-06 14:07, slack,-
2026-09-06 17:31, flood,0.8
2026-09-06 20:35, slack,-
2026-09-07 00:55, ebb,-1.4
2026-09-07 04:22, slack,-
2026-09-07 07:53, flood,1.4
2026-09-07 11:15, slack,-
2026-09-07 13:29, ebb,-0.6
2026-09-07 15:26, slack,-
2026-09-07 18:52, flood,0.9
2026-09-07 21:44, slack,-
2026-09-08 01:50, ebb,-1.6
2026-09-08 05:06, slack,-
2026-09-08 08:33, flood,1.6
2026-09-08 11:49, slack,-
2026-09-08 14:21, ebb,-0.9
2026-09-08 16:34, slack,-
2026-09-08 19:52, flood,1.1
2026-09-08 22:45, slack,-
2026-09-09 02:40, ebb,-1.6
2026-09-09 05:43, slack,-
2026-09-09 09:08, flood,1.7
2026-09-09 12:20, slack,-
2026-09-09 15:08, ebb,-1.1
2026-09-09 17:32, slack,-
2026-09-09 20:45, flood,1.2
2026-09-09 23:41, slack,-
2026-09-10 03:26, ebb,-1.6
2026-09-10 06:17, slack,-
2026-09-10 09:39, flood,1.7
2026-09-10 12:48, slack,-
2026-09-10 15:50, ebb,-1.3
2026-09-10 18:22, slack,-
2026-09-10 21:32, flood,1.3
2026-09-11 00:34, slack,-
2026-09-11 04:09, ebb,-1.5
2026-09-11 06:49, slack,-
2026-09-11 10:07, flood,1.6
2026-09-11 13:14, slack,-
2026-09-11 16:27, ebb,-1.4
2026-09-11 19:08, slack,-
2026-09-11 22:14, flood,1.3
2026-09-12 01:26, slack,-
2026-09-12 04:48, ebb,-1.3
2026-09-12 07:21, slack,-
2026-09-12 10:32, flood,1.5
2026-09-12 13:39, slack,-
2026-09-12 16:58, ebb,-1.5
2026-09-12 19:50, slack,-
2026-09-12 22:54, flood,1.3
2026-09-13 02:17, slack,-
2026-09-13 05:25, ebb,-1.1
2026-09-13 07:52, slack,-
2026-09-13 10:53, flood,1.4
2026-09-13 14:04, slack,-
2026-09-13 17:24, ebb,-1.4
2026-09-13 20:30, slack,-
2026-09-13 23:34, flood,1.2
2026-09-14 03:09, slack,-
2026-09-14 06:02, ebb,-0.8
2026-09-14 08:25, slack,-
2026-09-14 11:13, flood,1.2
2026-09-14 14:29, slack,-
2026-09-14 17:45, ebb,-1.4
2026-09-14 21:12, slack,-
2026-09-15 00:20, flood,1.0
2026-09-15 04:03, slack,-
2026-09-15 06:40, ebb,-0.6
2026-09-15 08:57, slack,-
2026-09-15 11:37, flood,1.1
2026-09-15 14:57, slack,-
2026-09-15 18:12, ebb,-1.2
2026-09-15 21:56, slack,-
2026-09-16 01:28, flood,0.8
2026-09-16 05:08, slack,-
2026-09-16 07:25, ebb,-0.4
2026-09-16 09:31, slack,-
2026-09-16 12:10, flood,0.9
2026-09-16 15:30, slack,-
2026-09-16 18:46, ebb,-1.1
2026-09-16 22:50, slack,-
2026-09-17 02:59, flood,0.7
2026-09-17 06:35, slack,-
2026-09-17 08:31, ebb,-0.2
2026-09-17 10:09, slack,-
2026-09-17 12:52, flood,0.7
2026-09-17 16:11, slack,-
2026-09-17 19:29, ebb,-0.9
2026-09-18 00:04, slack,-
2026-09-18 04:35, flood,0.7
2026-09-18 08:36, slack,-
2026-09-18 11:05, slack,-
2026-09-18 13:45, flood,0.6
2026-09-18 17:06, slack,-
2026-09-18 20:24, ebb,-0.8
2026-09-19 01:39, slack,-
2026-09-19 05:51, flood,0.8
2026-09-19 10:03, slack,-
2026-09-19 11:26, ebb,-0.1
2026-09-19 12:29, slack,-
2026-09-19 14:54, flood,0.4
2026-09-19 18:19, slack,-
2026-09-19 23:39, ebb,-0.7
2026-09-20 03:00, slack,-
2026-09-20 06:44, flood,0.9
2026-09-20 10:37, slack,-
2026-09-20 12:24, ebb,-0.3
2026-09-20 13:53, slack,-
2026-09-20 17:11, flood,0.4
2026-09-20 19:39, slack,-
2026-09-21 00:36, ebb,-0.8
2026-09-21 03:50, slack,-
2026-09-21 07:24, flood,1.0
2026-09-21 10:57, slack,-
2026-09-21 13:10, ebb,-0.5
2026-09-21 15:04, slack,-
2026-09-21 18:23, flood,0.5
2026-09-21 20:51, slack,-
2026-09-22 01:17, ebb,-0.9
2026-09-22 04:23, slack,-
2026-09-22 07:57, flood,1.1
2026-09-22 11:13, slack,-
2026-09-22 13:49, ebb,-0.6
2026-09-22 16:00, slack,-
2026-09-22 19:13, flood,0.7
2026-09-22 21:50, slack,-
2026-09-23 01:49, ebb,-0.9
2026-09-23 04:48, slack,-
2026-09-23 08:25, flood,1.1
2026-09-23 11:28, slack,-
2026-09-23 14:22, ebb,-0.8
2026-09-23 16:44, slack,-
2026-09-23 19:56, flood,0.8
2026-09-23 22:41, slack,-
2026-09-24 02:09, ebb,-0.9
2026-09-24 05:13, slack,-
2026-09-24 08:49, flood,1.2
2026-09-24 11:44, slack,-
2026-09-24 14:46, ebb,-0.9
2026-09-24 17:22, slack,-
2026-09-24 20:34, flood,1.0
2026-09-24 23:26, slack,-
2026-09-25 02:29, ebb,-1.0
2026-09-25 05:39, slack,-
2026-09-25 09:07, flood,1.2
2026-09-25 12:02, slack,-
2026-09-25 15:01, ebb,-1.1
2026-09-25 17:58, slack,-
2026-09-25 21:07, flood,1.1
2026-09-26 00:10, slack,-
2026-09-26 03:02, ebb,-1.0
2026-09-26 06:08, slack,-
2026-09-26 09:18, flood,1.2
2026-09-26 12:22, slack,-
2026-09-26 15:23, ebb,-1.3
2026-09-26 18:35, slack,-
2026-09-26 21:36, flood,1.2
2026-09-27 00:55, slack,-
2026-09-27 03:41, ebb,-1.0
2026-09-27 06:39, slack,-
2026-09-27 09:32, flood,1.3
2026-09-27 12:46, slack,-
2026-09-27 15:53, ebb,-1.4
2026-09-27 19:14, slack,-
2026-09-27 22:06, flood,1.3
2026-09-28 01:41, slack,-
2026-09-28 04:22, ebb,-1.0
2026-09-28 07:12, slack,-
2026-09-28 09:58, flood,1.3
2026-09-28 13:16, slack,-
2026-09-28 16:30, ebb,-1.5
2026-09-28 19:56, slack,-
2026-09-28 22:39, flood,1.2
2026-09-29 02:32, slack,-
2026-09-29 05:05, ebb,-0.9
2026-09-29 07:46, slack,-
2026-09-29 10:32, flood,1.4
2026-09-29 13:52, slack,-
2026-09-29 17:11, ebb,-1.5
2026-09-29 20:45, slack,-
2026-09-29 23:21, flood,1.1
2026-09-30 03:31, slack,-
2026-09-30 05:53, ebb,-0.7
2026-09-30 08:23, slack,-
2026-09-30 11:11, flood,1.3
2026-09-30 14:34, slack,-
2026-09-30 17:58, ebb,-1.5
2026-09-30 21:43, slack,-
2026-10-01 00:20, flood,0.9
2026-10-01 04:45, slack,-
2026-10-01 06:49, ebb,-0.5
2026-10-01 09:04, slack,-
2026-10-01 11:57, flood,1.2
2026-10-01 15:24, slack,-
2026-10-01 18:55, ebb,-1.4
2026-10-01 22:54, slack,-
2026-10-02 02:54, flood,0.8
2026-10-02 06:18, slack,-
2026-10-02 08:00, ebb,-0.3
2026-10-02 09:54, slack,-
2026-10-02 12:52, flood,1.0
2026-10-02 16:24, slack,-
2026-10-02 20:03, ebb,-1.2
2026-10-03 00:20, slack,-
2026-10-03 04:33, flood,0.9
2026-10-03 07:56, slack,-
2026-10-03 09:37, ebb,-0.2
2026-10-03 11:10, slack,-
2026-10-03 13:59, flood,0.8
2026-10-03 17:38, slack,-
2026-10-03 21:40, ebb,-1.2
2026-10-04 01:45, slack,-
2026-10-04 05:43, flood,1.1
2026-10-04 09:09, slack,-
2026-10-04 11:11, ebb,-0.3
2026-10-04 12:45, slack,-
2026-10-04 15:33, flood,0.7
2026-10-04 19:04, slack,-
2026-10-04 23:32, ebb,-1.3
2026-10-05 02:50, slack,-
2026-10-05 06:34, flood,1.3
2026-10-05 09:56, slack,-
2026-10-05 12:15, ebb,-0.6
2026-10-05 14:13, slack,-
2026-10-05 17:39, flood,0.8
2026-10-05 20:26, slack,-
2026-10-06 00:34, ebb,-1.4
2026-10-06 03:40, slack,-
2026-10-06 07:15, flood,1.5
2026-10-06 10:31, slack,-
2026-10-06 13:07, ebb,-0.9
2026-10-06 15:29, slack,-
2026-10-06 18:50, flood,0.9
2026-10-06 21:39, slack,-
2026-10-07 01:25, ebb,-1.4
2026-10-07 04:22, slack,-
2026-10-07 07:52, flood,1.6
2026-10-07 11:01, slack,-
2026-10-07 13:54, ebb,-1.2
2026-10-07 16:31, slack,-
2026-10-07 19:47, flood,1.1
2026-10-07 22:42, slack,-
2026-10-08 02:14, ebb,-1.4
2026-10-08 04:59, slack,-
2026-10-08 08:25, flood,1.6
2026-10-08 11:29, slack,-
2026-10-08 14:37, ebb,-1.4
2026-10-08 17:22, slack,-
2026-10-08 20:37, flood,1.2
2026-10-08 23:39, slack,-
2026-10-09 03:01, ebb,-1.2
2026-10-09 05:34, slack,-
2026-10-09 08:55, flood,1.5
2026-10-09 11:55, slack,-
2026-10-09 15:17, ebb,-1.5
2026-10-09 18:07, slack,-
2026-10-09 21:22, flood,1.3
2026-10-10 00:32, slack,-
2026-10-10 03:46, ebb,-1.1
2026-10-10 06:08, slack,-
2026-10-10 09:22, flood,1.4
2026-10-10 12:20, slack,-
2026-10-10 15:52, ebb,-1.5
2026-10-10 18:48, slack,-
2026-10-10 22:04, flood,1.3
2026-10-11 01:24, slack,-
2026-10-11 04:28, ebb,-1.0
2026-10-11 06:42, slack,-
2026-10-11 09:47, flood,1.3
2026-10-11 12:45, slack,-
2026-10-11 16:20, ebb,-1.5
2026-10-11 19:28, slack,-
2026-10-11 22:44, flood,1.3
2026-10-12 02:15, slack,-
2026-10-12 05:07, ebb,-0.8
2026-10-12 07:16, slack,-
2026-10-12 10:10, flood,1.2
2026-10-12 13:12, slack,-
2026-10-12 16:42, ebb,-1.4
2026-10-12 20:08, slack,-
2026-10-12 23:26, flood,1.2
2026-10-13 03:07, slack,-
2026-10-13 05:46, ebb,-0.6
2026-10-13 07:51, slack,-
2026-10-13 10:34, flood,1.1
2026-10-13 13:41, slack,-
2026-10-13 17:05, ebb,-1.4
2026-10-13 20:50, slack,-
2026-10-14 00:18, flood,1.0
2026-10-14 04:03, slack,-
2026-10-14 06:28, ebb,-0.5
2026-10-14 08:26, slack,-
2026-10-14 11:03, flood,1.0
2026-10-14 14:14, slack,-
2026-10-14 17:36, ebb,-1.2
2026-10-14 21:36, slack,-
2026-10-15 01:32, flood,0.8
2026-10-15 05:09, slack,-
2026-10-15 07:19, ebb,-0.3
2026-10-15 09:03, slack,-
2026-10-15 11:37, flood,0.8
2026-10-15 14:52, slack,-
2026-10-15 18:13, ebb,-1.1
2026-10-15 22:29, slack,-
2026-10-16 02:51, flood,0.8
2026-10-16 06:30, slack,-
2026-10-16 08:23, ebb,-0.2
2026-10-16 09:46, slack,-
2026-10-16 12:20, flood,0.7
2026-10-16 15:35, slack,-
2026-10-16 18:59, ebb,-0.9
2026-10-16 23:35, slack,-
2026-10-17 04:05, flood,0.8
2026-10-17 07:58, slack,-
2026-10-17 09:39, ebb,-0.1
2026-10-17 10:48, slack,-
2026-10-17 13:15, flood,0.5
2026-10-17 16:29, slack,-
2026-10-17 19:54, ebb,-0.8
2026-10-18 00:47, slack,-
2026-10-18 05:09, flood,0.8
2026-10-18 08:57, slack,-
2026-10-18 10:52, ebb,-0.2
2026-10-18 12:13, slack,-
2026-10-18 14:26, flood,0.4
2026-10-18 17:42, slack,-
2026-10-18 20:59, ebb,-0.7
2026-10-19 01:48, slack,-
2026-10-19 05:57, flood,0.9
2026-10-19 09:26, slack,-
2026-10-19 11:48, ebb,-0.4
2026-10-19 13:34, slack,-
2026-10-19 16:40, flood,0.4
2026-10-19 19:07, slack,-
2026-10-19 23:41, ebb,-0.7
2026-10-20 02:32, slack,-
2026-10-20 06:34, flood,1.0
2026-10-20 09:45, slack,-
2026-10-20 12:30, ebb,-0.6
2026-10-20 14:39, slack,-
2026-10-20 17:58, flood,0.5
2026-10-20 20:24, slack,-
2026-10-21 00:20, ebb,-0.7
2026-10-21 03:08, slack,-
2026-10-21 07:03, flood,1.0
2026-10-21 10:03, slack,-
2026-10-21 13:02, ebb,-0.7
2026-10-21 15:31, slack,-
2026-10-21 18:49, flood,0.7
2026-10-21 21:29, slack,-
2026-10-22 00:44, ebb,-0.7
2026-10-22 03:40, slack,-
2026-10-22 07:28, flood,1.0
2026-10-22 10:21, slack,-
2026-10-22 13:24, ebb,-0.9
2026-10-22 16:13, slack,-
2026-10-22 19:32, flood,0.8
2026-10-22 22:24, slack,-
2026-10-23 01:11, ebb,-0.8
2026-10-23 04:13, slack,-
2026-10-23 07:48, flood,1.0
2026-10-23 10:41, slack,-
2026-10-23 13:40, ebb,-1.1
2026-10-23 16:52, slack,-
2026-10-23 20:12, flood,1.0
2026-10-23 23:13, slack,-
2026-10-24 01:49, ebb,-0.8
2026-10-24 04:48, slack,-
2026-10-24 08:04, flood,1.1
2026-10-24 11:04, slack,-
2026-10-24 14:05, ebb,-1.3
2026-10-24 17:32, slack,-
2026-10-24 20:50, flood,1.1
2026-10-25 00:00, slack,-
2026-10-25 02:33, ebb,-0.8
2026-10-25 05:24, slack,-
2026-10-25 08:23, flood,1.2
2026-10-25 11:32, slack,-
2026-10-25 14:41, ebb,-1.4
2026-10-25 18:14, slack,-
2026-10-25 21:27, flood,1.2
2026-10-26 00:49, slack,-
2026-10-26 03:20, ebb,-0.8
2026-10-26 06:01, slack,-
2026-10-26 08:53, flood,1.3
2026-10-26 12:05, slack,-
2026-10-26 15:23, ebb,-1.6
2026-10-26 18:59, slack,-
2026-10-26 22:06, flood,1.2
2026-10-27 01:42, slack,-
2026-10-27 04:08, ebb,-0.8
2026-10-27 06:40, slack,-
2026-10-27 09:29, flood,1.4
2026-10-27 12:44, slack,-
2026-10-27 16:08, ebb,-1.6
2026-10-27 19:50, slack,-
2026-10-27 22:52, flood,1.2
2026-10-28 02:41, slack,-
2026-10-28 04:57, ebb,-0.7
2026-10-28 07:20, slack,-
2026-10-28 10:09, flood,1.4
2026-10-28 13:27, slack,-
2026-10-28 16:57, ebb,-1.6
2026-10-28 20:45, slack,-
2026-10-28 23:56, flood,1.1
2026-10-29 03:48, slack,-
2026-10-29 05:52, ebb,-0.6
2026-10-29 08:04, slack,-
2026-10-29 10:52, flood,1.3
2026-10-29 14:15, slack,-
2026-10-29 17:50, ebb,-1.6
2026-10-29 21:45, slack,-
2026-10-30 01:34, flood,1.0
2026-10-30 05:03, slack,-
2026-10-30 06:57, ebb,-0.4
2026-10-30 08:54, slack,-
2026-10-30 11:41, flood,1.2
2026-10-30 15:08, slack,-
2026-10-30 18:51, ebb,-1.5
2026-10-30 22:52, slack,-
2026-10-31 02:56, flood,1.0
2026-10-31 06:21, slack,-
2026-10-31 08:13, ebb,-0.3
2026-10-31 09:57, slack,-
2026-10-31 12:39, flood,0.9
2026-10-31 16:10, slack,-
2026-10-31 20:02, ebb,-1.3
2026-11-01 00:01, slack,-
2026-11-01 03:03, flood,1.1
2026-11-01 06:29, slack,-
2026-11-01 08:33, ebb,-0.4
2026-11-01 10:19, slack,-
2026-11-01 12:55, flood,0.7
2026-11-01 16:25, slack,-
2026-11-01 20:34, ebb,-1.2
2026-11-02 00:06, slack,-
2026-11-02 04:01, flood,1.2
2026-11-02 07:21, slack,-
2026-11-02 09:48, ebb,-0.6
2026-11-02 11:49, slack,-
2026-11-02 14:53, flood,0.7
2026-11-02 17:52, slack,-
2026-11-02 22:02, ebb,-1.2
2026-11-03 01:00, slack,-
2026-11-03 04:49, flood,1.3
2026-11-03 08:02, slack,-
2026-11-03 10:48, ebb,-0.9
2026-11-03 13:11, slack,-
2026-11-03 16:33, flood,0.7
2026-11-03 19:17, slack,-
2026-11-03 23:05, ebb,-1.1
2026-11-04 01:47, slack,-
2026-11-04 05:29, flood,1.4
2026-11-04 08:36, slack,-
2026-11-04 11:37, ebb,-1.1
2026-11-04 14:21, slack,-
2026-11-04 17:40, flood,0.9
2026-11-04 20:34, slack,-
2026-11-04 23:58, ebb,-1.1
2026-11-05 02:30, slack,-
2026-11-05 06:04, flood,1.4
2026-11-05 09:07, slack,-
2026-11-05 12:21, ebb,-1.3
2026-11-05 15:17, slack,-
2026-11-05 18:36, flood,1.1
2026-11-05 21:40, slack,-
2026-11-06 00:48, ebb,-1.0
2026-11-06 03:11, slack,-
2026-11-06 06:37, flood,1.3
2026-11-06 09:35, slack,-
2026-11-06 13:03, ebb,-1.4
2026-11-06 16:05, slack,-
2026-11-06 19:26, flood,1.2
2026-11-06 22:39, slack,-
2026-11-07 01:37, ebb,-0.9
2026-11-07 03:50, slack,-
2026-11-07 07:09, flood,1.3
2026-11-07 10:03, slack,-
2026-11-07 13:42, ebb,-1.5
2026-11-07 16:49, slack,-
2026-11-07 20:12, flood,1.3
2026-11-07 23:32, slack,-
2026-11-08 02:25, ebb,-0.8
2026-11-08 04:29, slack,-
2026-11-08 07:39, flood,1.2
2026-11-08 10:31, slack,-
2026-11-08 14:19, ebb,-1.5
2026-11-08 17:30, slack,-
2026-11-08 20:56, flood,1.3
2026-11-09 00:24, slack,-
2026-11-09 03:10, ebb,-0.7
2026-11-09 05:07, slack,-
2026-11-09 08:09, flood,1.1
2026-11-09 11:01, slack,-
2026-11-09 14:49, ebb,-1.4
2026-11-09 18:12, slack,-
2026-11-09 21:39, flood,1.2
2026-11-10 01:16, slack,-
2026-11-10 03:53, ebb,-0.6
2026-11-10 05:46, slack,-
2026-11-10 08:38, flood,1.1
2026-11-10 11:34, slack,-
2026-11-10 15:14, ebb,-1.4
2026-11-10 18:54, slack,-
2026-11-10 22:26, flood,1.1
2026-11-11 02:09, slack,-
2026-11-11 04:36, ebb,-0.5
2026-11-11 06:24, slack,-
2026-11-11 09:07, flood,1.0
2026-11-11 12:08, slack,-
2026-11-11 15:42, ebb,-1.3
2026-11-11 19:38, slack,-
2026-11-11 23:21, flood,1.0
2026-11-12 03:03, slack,-
2026-11-12 05:21, ebb,-0.4
2026-11-12 07:04, slack,-
2026-11-12 09:40, flood,0.9
2026-11-12 12:46, slack,-
2026-11-12 16:15, ebb,-1.2
2026-11-12 20:22, slack,-
2026-11-13 00:24, flood,0.9
2026-11-13 04:00, slack,-
2026-11-13 06:09, ebb,-0.3
2026-11-13 07:47, slack,-
2026-11-13 10:16, flood,0.8
2026-11-13 13:27, slack,-
2026-11-13 16:54, ebb,-1.1
2026-11-13 21:08, slack,-
2026-11-14 01:24, flood,0.9
2026-11-14 04:57, slack,-
2026-11-14 07:02, ebb,-0.3
2026-11-14 08:35, slack,-
2026-11-14 10:59, flood,0.7
2026-11-14 14:11, slack,-
2026-11-14 17:38, ebb,-1.0
2026-11-14 21:55, slack,-
2026-11-15 02:18, flood,0.9
2026-11-15 05:47, slack,-
2026-11-15 07:57, ebb,-0.3
2026-11-15 09:36, slack,-
2026-11-15 11:52, flood,0.5
2026-11-15 15:03, slack,-
2026-11-15 18:27, ebb,-0.8
2026-11-15 22:42, slack,-
2026-11-16 03:07, flood,0.8
2026-11-16 06:26, slack,-
2026-11-16 08:54, ebb,-0.3
2026-11-16 10:47, slack,-
2026-11-16 12:58, flood,0.4
2026-11-16 16:11, slack,-
2026-11-16 19:22, ebb,-0.7
2026-11-16 23:27, slack,-
2026-11-17 03:50, flood,0.8
2026-11-17 06:56, slack,-
2026-11-17 09:47, ebb,-0.5
2026-11-17 11:58, slack,-
2026-11-17 14:33, flood,0.4
2026-11-17 17:33, slack,-
2026-11-17 20:22, ebb,-0.6
2026-11-18 00:10, slack,-
2026-11-18 04:25, flood,0.8
2026-11-18 07:21, slack,-
2026-11-18 10:26, ebb,-0.6
2026-11-18 12:58, slack,-
2026-11-18 16:18, flood,0.5
2026-11-18 18:53, slack,-
2026-11-18 21:31, ebb,-0.6
2026-11-19 00:51, slack,-
2026-11-19 04:54, flood,0.8
2026-11-19 07:46, slack,-
2026-11-19 10:51, ebb,-0.8
2026-11-19 13:49, slack,-
2026-11-19 17:18, flood,0.7
2026-11-19 20:04, slack,-
2026-11-19 22:37, ebb,-0.6
2026-11-20 01:32, slack,-
2026-11-20 05:16, flood,0.9
2026-11-20 08:12, slack,-
2026-11-20 11:15, ebb,-1.0
2026-11-20 14:37, slack,-
2026-11-20 18:08, flood,0.8
2026-11-20 21:06, slack,-
2026-11-20 23:30, ebb,-0.6
2026-11-21 02:16, slack,-
2026-11-21 05:36, flood,0.9
2026-11-21 08:43, slack,-
2026-11-21 11:47, ebb,-1.2
2026-11-21 15:24, slack,-
2026-11-21 18:55, flood,1.0
2026-11-21 22:02, slack,-
2026-11-22 00:19, ebb,-0.6
2026-11-22 03:00, slack,-
2026-11-22 06:05, flood,1.1
2026-11-22 09:18, slack,-
2026-11-22 12:27, ebb,-1.4
2026-11-22 16:13, slack,-
2026-11-22 19:44, flood,1.1
2026-11-22 22:56, slack,-
2026-11-23 01:12, ebb,-0.6
2026-11-23 03:45, slack,-
2026-11-23 06:43, flood,1.2
2026-11-23 09:57, slack,-
2026-11-23 13:15, ebb,-1.5
2026-11-23 17:05, slack,-
2026-11-23 20:34, flood,1.2
2026-11-23 23:52, slack,-
2026-11-24 02:10, ebb,-0.6
2026-11-24 04:30, slack,-
2026-11-24 07:26, flood,1.3
2026-11-24 10:40, slack,-
2026-11-24 14:08, ebb,-1.6
2026-11-24 17:58, slack,-
2026-11-24 21:26, flood,1.2
2026-11-25 00:52, slack,-
2026-11-25 03:08, ebb,-0.6
2026-11-25 05:17, slack,-
2026-11-25 08:11, flood,1.3
2026-11-25 11:25, slack,-
2026-11-25 15:03, ebb,-1.7
2026-11-25 18:53, slack,-
2026-11-25 22:22, flood,1.2
2026-11-26 01:55, slack,-
2026-11-26 04:03, ebb,-0.6
2026-11-26 06:05, slack,-
2026-11-26 08:56, flood,1.3
2026-11-26 12:14, slack,-
2026-11-26 15:58, ebb,-1.7
2026-11-26 19:47, slack,-
2026-11-26 23:25, flood,1.2
2026-11-27 02:57, slack,-
2026-11-27 05:01, ebb,-0.5
2026-11-27 06:58, slack,-
2026-11-27 09:42, flood,1.3
2026-11-27 13:05, slack,-
2026-11-27 16:53, ebb,-1.7
2026-11-27 20:40, slack,-
2026-11-28 00:30, flood,1.2
2026-11-28 03:56, slack,-
2026-11-28 06:03, ebb,-0.5
2026-11-28 07:57, slack,-
2026-11-28 10:33, flood,1.1
2026-11-28 14:01, slack,-
2026-11-28 17:52, ebb,-1.6
2026-11-28 21:33, slack,-
2026-11-29 01:27, flood,1.3
2026-11-29 04:51, slack,-
2026-11-29 07:06, ebb,-0.6
2026-11-29 09:04, slack,-
2026-11-29 11:36, flood,0.9
2026-11-29 15:02, slack,-
2026-11-29 18:55, ebb,-1.4
2026-11-29 22:24, slack,-
2026-11-30 02:18, flood,1.3
2026-11-30 05:39, slack,-
2026-11-30 08:08, ebb,-0.7
2026-11-30 10:19, slack,-
2026-11-30 13:03, flood,0.7
2026-11-30 16:16, slack,-
2026-11-30 20:05, ebb,-1.1
2026-11-30 23:15, slack,-
2026-12-01 03:06, flood,1.3
2026-12-01 06:22, slack,-
2026-12-01 09:10, ebb,-0.8
2026-12-01 11:39, slack,-
2026-12-01 14:47, flood,0.7
2026-12-01 17:41, slack,-
2026-12-01 21:23, ebb,-0.9
2026-12-02 00:04, slack,-
2026-12-02 03:51, flood,1.2
2026-12-02 07:00, slack,-
2026-12-02 10:10, ebb,-1.0
2026-12-02 12:54, slack,-
2026-12-02 16:17, flood,0.7
2026-12-02 19:08, slack,-
2026-12-02 22:32, ebb,-0.8
2026-12-03 00:51, slack,-
2026-12-03 04:33, flood,1.2
2026-12-03 07:35, slack,-
2026-12-03 11:01, ebb,-1.2
2026-12-03 14:00, slack,-
2026-12-03 17:26, flood,0.9
2026-12-03 20:30, slack,-
2026-12-03 23:30, ebb,-0.7
2026-12-04 01:37, slack,-
2026-12-04 05:13, flood,1.1
2026-12-04 08:09, slack,-
2026-12-04 11:47, ebb,-1.3
2026-12-04 14:57, slack,-
2026-12-04 18:24, flood,1.0
2026-12-04 21:41, slack,-
2026-12-05 00:23, ebb,-0.7
2026-12-05 02:23, slack,-
2026-12-05 05:50, flood,1.1
2026-12-05 08:43, slack,-
2026-12-05 12:31, ebb,-1.4
2026-12-05 15:48, slack,-
2026-12-05 19:17, flood,1.1
2026-12-05 22:41, slack,-
2026-12-06 01:15, ebb,-0.6
2026-12-06 03:10, slack,-
2026-12-06 06:26, flood,1.0
2026-12-06 09:18, slack,-
2026-12-06 13:15, ebb,-1.4
2026-12-06 16:35, slack,-
2026-12-06 20:06, flood,1.2
2026-12-06 23:35, slack,-
2026-12-07 02:06, ebb,-0.6
2026-12-07 03:55, slack,-
2026-12-07 07:04, flood,1.0
2026-12-07 09:54, slack,-
2026-12-07 13:59, ebb,-1.4
2026-12-07 17:20, slack,-
2026-12-07 20:52, flood,1.2
2026-12-08 00:27, slack,-
2026-12-08 02:55, ebb,-0.6
2026-12-08 04:39, slack,-
2026-12-08 07:41, flood,1.0
2026-12-08 10:31, slack,-
2026-12-08 14:40, ebb,-1.4
2026-12-08 18:04, slack,-
2026-12-08 21:37, flood,1.2
2026-12-09 01:17, slack,-
2026-12-09 03:40, ebb,-0.5
2026-12-09 05:23, slack,-
2026-12-09 08:17, flood,1.0
2026-12-09 11:09, slack,-
2026-12-09 15:12, ebb,-1.3
2026-12-09 18:46, slack,-
2026-12-09 22:22, flood,1.2
2026-12-10 02:04, slack,-
2026-12-10 04:23, ebb,-0.5
2026-12-10 06:06, slack,-
2026-12-10 08:52, flood,1.0
2026-12-10 11:48, slack,-
2026-12-10 15:36, ebb,-1.3
2026-12-10 19:26, slack,-
2026-12-10 23:08, flood,1.1
2026-12-11 02:46, slack,-
2026-12-11 05:05, ebb,-0.5
2026-12-11 06:50, slack,-
2026-12-11 09:27, flood,0.9
2026-12-11 12:29, slack,-
2026-12-11 16:04, ebb,-1.2
2026-12-11 20:02, slack,-
2026-12-11 23:54, flood,1.1
2026-12-12 03:25, slack,-
2026-12-12 05:45, ebb,-0.5
2026-12-12 07:35, slack,-
2026-12-12 10:02, flood,0.8
2026-12-12 13:11, slack,-
2026-12-12 16:37, ebb,-1.2
2026-12-12 20:36, slack,-
2026-12-13 00:37, flood,1.0
2026-12-13 04:00, slack,-
2026-12-13 06:22, ebb,-0.5
2026-12-13 08:22, slack,-
2026-12-13 10:42, flood,0.7
2026-12-13 13:56, slack,-
2026-12-13 17:16, ebb,-1.1
2026-12-13 21:08, slack,-
2026-12-14 01:14, flood,0.9
2026-12-14 04:31, slack,-
2026-12-14 06:52, ebb,-0.5
2026-12-14 09:13, slack,-
2026-12-14 11:29, flood,0.6
2026-12-14 14:46, slack,-
2026-12-14 17:59, ebb,-0.9
2026-12-14 21:40, slack,-
2026-12-15 01:43, flood,0.9
2026-12-15 04:59, slack,-
2026-12-15 07:21, ebb,-0.6
2026-12-15 10:08, slack,-
2026-12-15 12:23, flood,0.6
2026-12-15 15:46, slack,-
2026-12-15 18:47, ebb,-0.8
2026-12-15 22:15, slack,-
2026-12-16 01:56, flood,0.8
2026-12-16 05:27, slack,-
2026-12-16 07:55, ebb,-0.7
2026-12-16 11:07, slack,-
2026-12-16 13:24, flood,0.5
2026-12-16 17:00, slack,-
2026-12-16 19:40, ebb,-0.6
2026-12-16 22:55, slack,-
2026-12-17 01:59, flood,0.8
2026-12-17 05:56, slack,-
2026-12-17 08:37, ebb,-0.8
2026-12-17 12:06, slack,-
2026-12-17 14:44, flood,0.5
2026-12-17 18:22, slack,-
2026-12-17 20:41, ebb,-0.5
2026-12-17 23:41, slack,-
2026-12-18 02:37, flood,0.8
2026-12-18 06:30, slack,-
2026-12-18 09:26, ebb,-0.9
2026-12-18 13:05, slack,-
2026-12-18 16:45, flood,0.6
2026-12-18 19:41, slack,-
2026-12-18 21:51, ebb,-0.4
2026-12-19 00:32, slack,-
2026-12-19 03:29, flood,0.8
2026-12-19 07:11, slack,-
2026-12-19 10:19, ebb,-1.1
2026-12-19 14:05, slack,-
2026-12-19 17:53, flood,0.8
2026-12-19 20:54, slack,-
2026-12-19 23:00, ebb,-0.4
2026-12-20 01:25, slack,-
2026-12-20 04:28, flood,0.9
2026-12-20 07:57, slack,-
2026-12-20 11:13, ebb,-1.2
2026-12-20 15:08, slack,-
2026-12-20 18:53, flood,0.9
2026-12-20 22:00, slack,-
2026-12-21 00:03, ebb,-0.5
2026-12-21 02:20, slack,-
2026-12-21 05:25, flood,1.0
2026-12-21 08:46, slack,-
2026-12-21 12:08, ebb,-1.4
2026-12-21 16:10, slack,-
2026-12-21 19:51, flood,1.1
2026-12-21 23:02, slack,-
2026-12-22 01:09, ebb,-0.5
2026-12-22 03:15, slack,-
2026-12-22 06:19, flood,1.1
2026-12-22 09:37, slack,-
2026-12-22 13:10, ebb,-1.5
2026-12-22 17:08, slack,-
2026-12-22 20:45, flood,1.2
2026-12-23 00:02, slack,-
2026-12-23 02:16, ebb,-0.5
2026-12-23 04:11, slack,-
2026-12-23 07:12, flood,1.2
2026-12-23 10:27, slack,-
2026-12-23 14:16, ebb,-1.7
2026-12-23 18:02, slack,-
2026-12-23 21:34, flood,1.3
2026-12-24 01:00, slack,-
2026-12-24 03:15, ebb,-0.6
2026-12-24 05:06, slack,-
2026-12-24 08:04, flood,1.3
2026-12-24 11:17, slack,-
2026-12-24 15:15, ebb,-1.8
2026-12-24 18:51, slack,-
2026-12-24 22:23, flood,1.4
2026-12-25 01:53, slack,-
2026-12-25 04:08, ebb,-0.7
2026-12-25 06:02, slack,-
2026-12-25 08:54, flood,1.3
2026-12-25 12:08, slack,-
2026-12-25 16:06, ebb,-1.8
2026-12-25 19:37, slack,-
2026-12-25 23:10, flood,1.5
2026-12-26 02:39, slack,-
2026-12-26 04:59, ebb,-0.8
2026-12-26 07:00, slack,-
2026-12-26 09:43, flood,1.2
2026-12-26 13:01, slack,-
2026-12-26 16:55, ebb,-1.7
2026-12-26 20:19, slack,-
2026-12-26 23:57, flood,1.5
2026-12-27 03:22, slack,-
2026-12-27 05:49, ebb,-0.8
2026-12-27 07:59, slack,-
2026-12-27 10:35, flood,1.1
2026-12-27 13:57, slack,-
2026-12-27 17:44, ebb,-1.5
2026-12-27 21:00, slack,-
2026-12-28 00:41, flood,1.4
2026-12-28 04:01, slack,-
2026-12-28 06:39, ebb,-0.9
2026-12-28 08:59, slack,-
2026-12-28 11:38, flood,0.9
2026-12-28 14:58, slack,-
2026-12-28 18:35, ebb,-1.3
2026-12-28 21:40, slack,-
2026-12-29 01:22, flood,1.3
2026-12-29 04:39, slack,-
2026-12-29 07:29, ebb,-1.0
2026-12-29 10:04, slack,-
2026-12-29 13:00, flood,0.8
2026-12-29 16:08, slack,-
2026-12-29 19:31, ebb,-1.0
2026-12-29 22:22, slack,-
2026-12-30 02:01, flood,1.2
2026-12-30 05:16, slack,-
2026-12-30 08:20, ebb,-1.0
2026-12-30 11:13, slack,-
2026-12-30 14:26, flood,0.7
2026-12-30 17:30, slack,-
2026-12-30 20:39, ebb,-0.7
2026-12-30 23:07, slack,-
2026-12-31 02:41, flood,1.1
2026-12-31 05:53, slack,-
2026-12-31 09:18, ebb,-1.1
2026-12-31 12:23, slack,-
2026-12-31 15:55, flood,0.7
2026-12-31 18:56, slack,-
2026-12-31 21:54, ebb,-0.5
2026-12-31 23:51, slack,-
